,country,city,phase,start_year,end_year,rr,length,tunnelper,tunnel,elevated,atgrade,stations,platform_length_meters,anglo,real_cost_2021,cost_km_2021
0,TR,Istanbul,M4 Phase 3,2015,2022,0.0,7.5,1,7.5,0,0,4,180,0.0,550.3418861282242,73.3789181504299
1,CA,Vancouver,Broadway,2020,2025,0.0,5.7,0.8771929824561403,5,0.295,0.446,6,,1.0,2565.2406504000287,450.0422193684261
2,CA,Toronto,Vaughan,2009,2017,0.0,8.6,1,8.6,0,0,6,,1.0,3014.9522873319975,350.5758473641858
3,CA,Toronto,Scarborough,2020,2030,0.0,7.8,1,7.8,0,0,3,,1.0,4985.450027279208,639.1602599075909
4,CA,Toronto,Ontario,2020,2030,0.0,15.5,0.57,8.8,5.76,1.06,15,,1.0,7632.655004165737,492.4293551074669
5,CA,Toronto,Yonge to Richmond Hill,2020,2030,0.0,7.4,1,7.4,0,0,6,,1.0,4924.994996348688,665.5398643714443
6,NL,Amsterdam,Amsterdam North South,2003,2018,0.0,9.7,0.73,7.1,0,0,8,,0.0,5090.073507133968,524.7498460962854
7,CA,Montreal,Blue Line extension,2020,2026,0.0,5.8,1,5.8,0,0,5,,1.0,4079.0045677738976,703.2766496161893
8,US,Seattle,U-Link,2009,2016,0.0,5.1,1,5.1,0,0,2,,1.0,2072.4553777537744,406.36379955956363
9,US,Los Angeles,Purple Phase 3,2020,2027,0.0,4.2,1,4.2,0,0,2,,1.0,3600.0,857.1428571428571
10,US,Los Angeles,Purple Phase 2,2018,2026,0.0,4.2,1,4.2,0,0,2,,1.0,2400.0,571.4285714285714
11,US,Los Angeles,Purple Phase 1,2014,2024,0.0,6.3,1,6.3,0,0,3,,1.0,3021.484865017702,479.6007722250321
12,US,Los Angeles,Regional Connector,2014,2022,0.0,3.1,1,3.1,0,0,3,,1.0,1894.9026510611016,611.2589196971295
13,US,San Francisco,Central Subway,2010,2021,0.0,2.7,1,2.7,0,0,4,,1.0,1911.4959279535012,707.961454797593
14,US,Boston,Green Line Extension,2013,2022,0.0,7.6,0,0,0.78,6.82,7,,1.0,2396.53774375896,315.3339136524947
15,CA,Ottawa,Confederation,2013,2019,0.0,12.5,0.2,2.5,0.84,9.16,13,,1.0,1967.8622290183205,157.42897832146565
16,US,San Francisco,BART to San Jose,2022,2030,0.0,9.6,0.83,8,0,0,4,,1.0,9100.0,947.9166666666667
17,BG,Sofia,Line 1 northern,2009,2012,0.0,5.1,0.6,3.1,0,0,4,,0.0,854.7405028983379,167.5961770388898
18,BG,Sofia,Line 1 southern,2013,2015,0.0,3,1,3,0,0,3,,0.0,167.2043863206272,55.73479544020907
19,BG,Sofia,Line 2,2008,2012,0.0,17,0.9,15.3,0,0,11,,0.0,3927.608599625784,231.0357999779873
20,BG,Sofia,Line 2 extension,2012,2016,0.0,1.3,1,1.3,0,0,1,,0.0,79.80209347120845,61.386225747083415
21,BG,Sofia,Line 3,2016,2021,0.0,12,1,12,0,0,12,,0.0,1791.3088842604948,149.27574035504122
22,BG,Sofia,Line 3 extension (Third Stage),2021,2025,0.0,3.1,1,3.1,0,0,4,,0.0,373.5,120.48387096774194
23,PL,Warsaw,Line 2,2010,2015,0.0,6.5,1,6.5,0,0,7,,0.0,3878.5365079226817,596.6979242957972
24,PL,Warsaw,Line 2 extension to Trocka,2015,2019,0.0,3.1,1,3.1,0,0,3,,0.0,681.3162140992166,219.77942390297312
25,PL,Warsaw,Line 2 extension to KJ,2015,2020,0.0,3.4,1,3.4,0,0,3,,0.0,730.9822558746736,214.99478113960987
26,PL,Warsaw,Line 2 extension to Bródno,2018,2022,0.0,4,1,4,0,0,3,,0.0,836.9559949152086,209.23899872880216
27,RO,Bucharest,Line 5,2014,2019,0.0,6.9,1,6.9,0,0,10,,0.0,2100.760105496923,304.4579863039019
28,RU,Moscow,Line 11,2017,2023,0.0,66.7,1,66.7,0,0,31,,0.0,21625.198819626694,324.2158743572218
29,RU,Nizhniy Novgorod,Line 2 extension,2015,2018,0.0,2.5,1,2.5,0,0,1,,0.0,509.1829404975689,203.67317619902755
30,RU,Saint Petersburg,Line 3 extension,2014,2018,0.0,5,1,5,0,0,2,,0.0,1712.7062544009136,342.5412508801827
31,RU,Saint Petersburg,Line 5 extension,2013,2019,0.0,6.4,0.97,6.2,0,0,3,,0.0,2064.505376926507,322.57896514476664
32,RU,Moscow,Line 1 extension,2016,2019,0.0,11.6,0.14,1.6,0.14,9.836,4,,0.0,1771.145609310772,152.68496631989416
33,CZ,Prague,Line A extension,2010,2015,0.0,6.1,0.97,5.9,0,0.2,4,,0.0,1792.7919231338801,293.90031526784924
34,HU,Budapest,Line 4,2006,2014,0.0,7.4,1,7.4,0,0,10,,0.0,4448.532692519353,601.1530665566693
35,FR,Toulouse,Line 3,2021,2025,0.0,27,0.6,16.2,0,0,21,,0.0,3918.789326977964,145.14034544362826
36,IT,Turin,Line 1 phases 1-3,2000,2011,0.0,13.2,1,13.2,0,0,21,55,0.0,1973.655017921147,149.51931953948085
37,IT,Turin,Line 1 south (phase 4),2012,2021,0.0,1.9,1,1.9,0,0,2,55,0.0,277.3974467411368,145.99865617954566
38,IT,Turin,Line 1 west (phase 5),2018,2024,0.0,3.4,1,3.4,0,0,4,55,0.0,462.76526113650516,136.10742974603093
39,FI,Helsinki,West Metro phase 1,2009,2017,0.0,13.5,1,13.5,0,0,8,135,0.0,1770.7028807891588,131.1631763547525
40,FI,Helsinki,West Metro phase 2,2014,2023,0.0,7,1,7,0,0,5,90,0.0,1688.416533589267,241.20236194132383
41,FI,Helsinki,Ring Rail Line,2009,2015,1.0,18,0.44,8,0,0,5,,0.0,1187.2242384382869,65.95690213546038
42,SE,Stockholm,Arenastaden,2020,2030,0.0,4.1,1,4.1,0,0,2,140,0.0,719.922582383014,175.59087375195463
43,SE,Stockholm,Nacka/Söderort,2020,2030,0.0,11.5,1,11.5,0,0,6,140,0.0,2664.3386869549645,231.6816249526056
44,SE,Stockholm,Barkarby,2020,2026,0.0,3.3,1,3.3,0,0,2,140,0.0,674.3772409138068,204.35673967085052
45,SE,Stockholm,Citybanan,2007,2017,1.0,7.4,0.81,6,0,0,2,200,0.0,2469.9930549526866,333.7828452638766
46,SE,Malmo,Citytunneln,2005,2010,1.0,17,0.35,6,0,0,3,,0.0,1370.4564031620555,80.61508253894445
47,UK,London,Northern Line Extension,2015,2021,0.0,3.2,1,3.2,0,0,2,,1.0,1950.0288838120105,609.3840261912533
48,MX,Mexico City,Line 12,2008,2012,0.0,24.5,0.43,10.5,12.57,1.395,20,,0.0,7739.028261547493,315.8787045529589
49,TW,Taipei,Wanda Line Phase 2,2021,2028,0.0,13.3,0.21052631578947367,2.8,0,0,13,,0.0,4074.731324893373,306.3707763077724
50,IT,Milan,M5 phase 1,2007,2013,0.0,6.1,1,6.1,0,0,9,50,0.0,820.6542722970246,134.5334872618073
51,IT,Milan,M5 phase 2,2010,2015,0.0,6.5,1,6.5,0,0,10,50,0.0,1152.242702335427,177.2681080516042
52,IT,Milan,Line 4,2015,2023,0.0,15.2,1,15.2,0,0,21,50,0.0,2337.824658429067,153.80425384401758
53,FR,Paris,Grand Paris Express,2017,2030,0.0,200,0.8,160,0,0,68,,0.0,55387.43216286141,276.93716081430705
54,IT,Milan,Passante Railway (tunnel section only),1984,2004,1.0,7.8,0.9,7.8,0.02,5.18,10,250,0.0,2054.2945506692163,263.37109623964307
55,VN,Hanoi,Line 3,2010,2013,0.0,12.5,0.32,4,8.5,0,12,,0.0,5121.183632144063,409.69469057152503
56,VN,Hanoi,Line 2,2011,2020,0.0,11.5,0.74,8.5,2.99,0,12,,0.0,2816.8912445098877,244.94706473999022
57,KR,Seoul,Sinbundang,2005,2011,0.0,17.3,1,17.3,0,0,6,200,0.0,2289.011167315175,132.3127842378714
58,KR,Seoul,Sinbundang Phase 2,2011,2018,0.0,12.8,1,12.8,0,0,7,200,0.0,1791.8832118055557,139.99087592230904
59,MX,Guadalajara,Line 3,2014,2020,0.0,21.5,0.25,5.4,14.595,1.53,18,,0.0,3691.1261015013056,171.68028379075838
60,DE,Leipzig,City Tunnel,2003,2013,1.0,3.6,1,3.6,0,0,4,,0.0,1570.6727727899754,436.29799244165986
61,IT,Rome,Line B1 extension,2005,2015,0.0,4.7,1,4.7,0,0,3,150,0.0,1167.5854813279095,248.42244283572543
62,IT,Rome,Line C - section T6a,2007,2013,0.0,2.8,1,2.8,0,0,4,,0.0,644.569005209671,230.20321614631106
63,IT,Rome,Line C - section T4-5,2007,2013,0.0,7.6,1,7.6,0,0,9,110,0.0,1948.2461661224638,256.3481797529558
64,IT,Rome,Line C - section T3,2013,2023,0.0,2.7,1,2.7,0,0,2,110,0.0,1207.8385747908262,447.34762029289857
65,DE,Berlin,U55,2004,2009,0.0,1.8,1,1.8,0,0,3,100,0.0,559.1444444444446,310.63580246913585
66,DE,Berlin,U5-U55 connection,2010,2020,0.0,2.2,1,2.2,0,0,3,100,0.0,780.2690313353052,354.6677415160477
67,BE,Brussels,Line 3,2020,2028,0.0,4.4,1,4.4,0,0,7,,0.0,1170.0,265.9090909090909
68,DK,Copenhagen,City Circle Line,2009,2019,0.0,15.5,1,15.5,0,0,17,,0.0,3996.2855585969187,257.8248747481883
69,NO,Oslo,Løren Line,2013,2016,0.0,1.6,1,1.6,0,0,1,,0.0,162.8892128784807,101.80575804905043
70,NO,Oslo,Fornebu Line,2020,2029,0.0,8.2,1,8.2,0,0,6,,0.0,2719.2,331.609756097561
71,AU,Sydney,Metro City & SW,2017,2024,0.0,30,0.51,15.3,0,0,7,,1.0,10695.0,356.5
72,AU,Sydney,Metro NW,2013,2019,0.0,36,0.42,15.1,0,0,13,,1.0,6076.325023853472,168.78680621815198
73,AU,Melbourne,Metro Tunnel,2018,2025,0.0,9,1,9,0,0,5,,1.0,8683.235999999999,964.8039999999999
74,SG,Singapore,Downtown MRT Line,2008,2017,0.0,41.9,1,41.9,0,0,34,,1.0,29245.69718720873,697.9879996947192
75,SG,Singapore,Thomson MRT Line,2014,2024,0.0,43,1,43,0,0,32,,1.0,29942.080600179142,696.3274558181196
76,CA,Toronto,Eglinton Crosstown,2011,2022,0.0,19,0.53,10,0.62,8.31,25,,1.0,4966.5094351414755,261.3952334284987
77,IN,Mumbai,Monorail,2009,2019,0.0,20.2,0,0,0,0,17,,0.0,1854.2655109489053,91.79532232420324
78,IN,Mumbai,Line 3,2016,2022,0.0,33.5,1,33.5,0,0,27,,0.0,15940.845742537853,475.8461415682941
79,IN,Mumbai,Line 2A,2016,2021,0.0,18.6,0,0,17.48,1.12,17,,0.0,3320.180225959452,178.50431322362644
80,IN,Mumbai,Line 2B,2018,2023,0.0,23.5,0,0,23.5,0,22,,0.0,5405.998653071161,230.04249587536856
81,IN,Mumbai,Line 4,2018,2022,0.0,32.3,0,0,31.71,0.59,32,,0.0,7159.28221404809,221.6496041500957
82,IN,Mumbai,Line 4A,2019,2022,0.0,2.7,0,0,0,0,2,,0.0,417.0674020887729,154.469408181027
83,IN,Mumbai,Line 5,2017,2024,0.0,24.9,0,0,0,0,16,,0.0,4141.597275038543,166.3292078328732
84,IN,Mumbai,Line 6,2017,2022,0.0,14.5,0,0,14.5,0,13,,0.0,3142.5958201219137,216.73074621530438
85,IN,Mumbai,Line 7,2016,2021,0.0,16.5,0,0,15.505,0.995,14,,0.0,3215.550521490839,194.88184978732357
86,IN,Mumbai,Line 7A + 9,2019,2022,0.0,13.5,0.16,2.2,0,0,11,,0.0,3207.3820517675067,237.583855686482
87,IN,Mumbai,Line 10,2020,2024,0.0,9.2,0.08,0.7,0,0,4,,0.0,1979.1589147255952,215.12596899191254
88,IN,Mumbai,Line 11,2020,2026,0.0,12.8,0.69,8.8,0,0,10,,0.0,3669.8091889115003,286.70384288371093
89,IN,Mumbai,Line 12,2020,2026,0.0,20.8,0,0,0,0,17,,0.0,2454.136335506378,117.98732382242203
90,GR,Athens,Line 4,2019,2027,0.0,12.8,1,12.8,0,0,15,,0.0,1726.4,134.875
91,GR,Athens,Line 3 to Piraeus,2012,2021,0.0,7.6,1,7.6,0,0,6,,0.0,1089.041827946685,143.29497736140593
92,GR,Thessaloniki,Main line,2006,2020,0.0,9.5,1,9.5,0,0,13,,0.0,1654.6458164368753,174.17324383546057
93,GR,Thessaloniki,Kalamaria Extension,2013,2021,0.0,4.8,1,4.8,0,0,5,,0.0,814.8334978785902,169.75697872470627
94,KR,Busan,Line 1 extension,2009,2017,0.0,8,1,8,0,0,6,,0.0,1282.808692162073,160.35108652025912
95,KR,Seoul,Gimpo Urban Railway,2014,2019,0.0,23.7,1,23.7,0,0,10,,0.0,2167.863868803827,91.47104931661715
96,KR,Seoul,Line 7 extension,2014,2021,0.0,3.9,1,3.9,0,0,2,,0.0,525.4355038348564,134.72705226534782
97,KR,Seoul,2020s program,2020,2028,0.0,71,1,71,0,0,53,,0.0,7953.22,112.01718309859156
98,SG,Singapore,Circle Line Stage 6,2017,2025,0.0,4,1,4,0,0,3,,1.0,5480.499999999999,1370.1249999999998
99,FR,Paris,Line 12 to Aubervilliers,2012,2021,0.0,1.7,1,1.7,0,0,2,,0.0,294.18927951388895,173.05251736111114
100,FR,Paris,Line 1 extension,2021,2030,0.0,4.9,1,4.9,0,0,3,,0.0,1990.3781209203655,406.1996165143603
101,UK,London,Jubilee line extension,1993,1999,0.0,16,0.8,12.8,0,0,11,,1.0,8462.415551306565,528.9009719566603
102,CL,Santiago,Line 7,2021,2026,0.0,24.8,1,24.8,0,0,21,,0.0,4930.0,198.79032258064515
103,CL,Santiago,Project 63,2013,2019,0.0,37,1,37,0,0,28,,0.0,5757.944559950335,155.62012324190096
104,BR,Sao Paulo,Line 5 extension,2010,2019,0.0,12,1,12,0,0,11,,0.0,4343.788650648825,361.9823875540688
105,BR,Salvador,Lines 1-2,2000,2017,0.0,33,0.04,1.4,10.935,20.745,20,,0.0,3512.3161755098135,106.4338235002974
106,PA,Panama City,Line 1,2010,2014,0.0,13.7,0.53,7.3,4.69,1.749,12,,0.0,4125.626062527767,301.1405885056764
107,PA,Panama City,Line 2,2015,2019,0.0,21,0,0,21,0,16,,0.0,4732.799694027414,225.37141400130545
108,PA,Panama City,Line 3,2020,2024,0.0,26.7,0,0,0,0,14,,0.0,5459.541221972792,204.4771993248237
109,PH,Manila,Line 9,2019,2025,0.0,28.3,1,28.3,0,0,13,,0.0,19632.8,693.73851590106
110,PH,Manila,Line 7,2015,2021,0.0,22.8,0.15,3.4,0,0,14,,0.0,4112.9962725053465,180.39457335549764
111,PH,Manila,Line 5,2019,2025,0.0,11,1,11,0,0,10,,0.0,6650.0,604.5454545454545
112,PH,Manila,Line 4,2021,2025,0.0,15.6,0,0,0,0,11,,0.0,3261.5,209.07051282051282
113,AT,Vienna,Line 2 extension,2010,2013,0.0,4.2,0,0,2.63,1.57,3,,0.0,490.9689277594363,116.89736375224673
114,AT,Vienna,Line 1 extension,2012,2017,0.0,4.7,0.57,2.7,0.06,2.008,5,,0.0,891.7360358117772,189.7310714493143
115,AT,Vienna,U2/U5 cross,2019,2029,0.0,9,1,9,0,0,11,,0.0,2860.0,317.77777777777777
116,IN,Kochi,Metro,2013,2017,0.0,13,0,0,0,0,11,,0.0,3080.0562676938785,236.92740520722143
117,IN,Delhi,Phase 3,2012,2020,0.0,160.6,0.33,53,0,0,109,,0.0,23189.27495864704,144.3915003651746
118,IN,Delhi,Phase 4 first half,2019,2025,0.0,61.7,0.36,22.3,0,0,46,,0.0,11725.8655,190.04644246353323
119,IN,Delhi,Phase 4 second half,2019,2025,0.0,42.3,0.35,14.7,0,0,43,,0.0,10122.0845,239.29277777777781
120,IR,Tehran,Line 3 extension to SW,2012,2014,0.0,12,1,12,0,0,11,,0.0,2791.622488270368,232.635207355864
121,IR,Tehran,Line 6,2018,2020,0.0,31,1,31,0,0,29,,0.0,6367.441253263708,205.40133075044218
122,IR,Tehran,Line 7,2017,2019,0.0,27,1,27,0,0,25,,0.0,6367.441253263708,235.83115752828547
123,ES,Madrid,1995-98 program,1995,1998,0.0,56,0.68,38,0,0,37,,0.0,3332.255685358256,59.50456580996885
124,ES,Madrid,1999-2003 program,1999,2003,0.0,75,0.77,58,0,0,39,,0.0,6037.918478260871,80.50557971014494
125,PT,Lisbon,Circular line,2021,2023,0.0,2,1,2,0,0,2,,0.0,280.8,140.4
126,PT,Porto,"Pink line, yellow line",2019,2023,0.0,6,0.47,2.8,0,0,7,,0.0,400.40000000000003,66.73333333333333
127,ES,Madrid,Eje Transversal,2020,2028,1.0,10.5,1,10.5,0,0,4,,0.0,988.0,94.0952380952381
128,ES,Madrid,Line 2 extension,2008,2011,0.0,4.6,1,4.6,0,0,4,,0.0,508.8702672707928,110.62397114582454
129,ES,Madrid,Line 9 extension,2009,2015,0.0,3,1,3,0,0,2,,0.0,293.04707875641355,97.68235958547119
130,EC,Quito,Metro,2012,2019,0.0,22.9,1,22.9,0,0,15,,0.0,4311.68436753928,188.28316015455374
131,ES,Madrid,Chamartin-Atocha tunnel,2003,2008,1.0,7.5,1,7.5,0,0,3,,0.0,924.0668402777779,123.20891203703707
132,FR,Paris,Line 14,1993,2007,0.0,9.2,1,9.2,0,0,9,,0.0,2171.776495500265,236.06266255437663
133,CA,Toronto,Sheppard,1994,2002,0.0,5.5,1,5.5,0,0,5,,1.0,1346.538036809816,244.82509760178473
134,CA,Montreal,Laval extension,2001,2007,0.0,5.2,1,5.2,0,0,3,,1.0,865.6265034409741,166.4666352771104
135,DE,Karlsruhe,Kombilösung,2010,2021,1.0,4.8,1,4.8,0,0,6,,0.0,2138.8957626235906,445.6032838799147
136,DE,Dusseldorf,Wehrhahn Line,2007,2016,0.0,3.4,1,3.4,0,0,6,,0.0,1425.3441684016136,419.2188730592982
137,US,New York,7 extension,2007,2014,0.0,1.6,1,1.6,0,0,1,,1.0,2982.3898448105074,1863.993653006567
138,US,New York,Second Avenue Phase 1,2007,2016,0.0,2.7,1,2.7,0,0,3,187,1.0,5542.538065875638,2052.791876250236
139,US,New York,Second Avenue Phase 2,2019,2029,0.0,2.6,1,2.6,0,0,3,187,1.0,6949.0,2672.6923076923076
140,US,New York,East Side Access,2007,2022,1.0,2.8,1,2.8,0,0,1,,1.0,12575.764607601986,4491.3445027149955
141,US,New York,Gateway,2019,2026,1.0,5.3,1,5.3,0,0,0,,1.0,9500.0,1792.4528301886794
142,UK,London,Crossrail,2009,2021,1.0,21,1,21,0,0,8,,1.0,21332.15517874245,1015.81691327345
143,FR,Paris,Line 4 to Bagneux,2014,2021,0.0,1.8,1,1.8,0,0,2,,0.0,595.0910246778016,330.6061248210009
144,FR,Paris,RER E extension,2018,2022,1.0,8,1,8,0,0,2,,0.0,2761.7002186468294,345.2125273308537
145,FR,Paris,Line 4 to Montrouge,2008,2013,0.0,1.5,1,1.5,0,0,1,,0.0,299.34495404850134,199.56330269900087
146,FR,Paris,Line 8 to Pointe-du-Lac,2007,2011,0.0,1.3,0,0,0,0,1,,0.0,143.94847670250897,110.72959746346844
147,FR,Paris,Line 13 to Courtilles,2005,2008,0.0,1.9,1,1.9,0,0,2,,0.0,265.45920138888897,139.7153691520468
148,FR,Paris,Line 12 to Front Populaire,2007,2012,0.0,1.5,1,1.5,0,0,1,,0.0,484.3779627756518,322.91864185043454
149,FR,Paris,Line 11,2016,2024,0.0,6.3,0.9,5.7,0.6,0,6,,0.0,1612.9820728575294,256.0289004535761
150,IL,Tel Aviv,Red Line,2015,2022,0.0,24,0.5,12,0,0,34,,0.0,5089.9070754698205,212.07946147790918
151,IL,Tel Aviv,Green Line,2018,2024,0.0,38.6,0.12,4.6,0,0,62,,0.0,5611.814026451736,145.38378306869782
152,NZ,Auckland,City Rail Link,2013,2024,1.0,3.5,1,3.5,0,0,4,,1.0,3228.308741333376,922.3739260952503
153,DE,Hamburg,U4 to HafenCity U,2007,2012,0.0,3.9,1,3.9,0,0,2,,0.0,535.7712856057465,137.37725271942216
154,DE,Hamburg,U4 to Elbbrücken,2014,2018,0.0,1.3,1,1.3,0,0,1,,0.0,261.2526217985309,200.96355522963916
155,DE,Hamburg,U4 to Dannerallee,2020,2027,0.0,2.6,1,2.6,0,0,3,,0.0,704.0893501840357,270.80359622462913
156,ES,Barcelona,L3 to Trinitat Nova,2001,2008,0.0,1.9,1,1.9,0,0,2,,0.0,270.7548305982001,142.50254242010533
157,ES,Barcelona,Terrassa tunnel,2008,2015,0.0,4.5,1,4.5,0,0,3,,0.0,627.9776339363118,139.55058531918039
158,ES,Barcelona,Sabadell tunnel,2006,2017,0.0,4.4,1,4.4,0,0,4,,0.0,673.3924752933018,153.0437443848413
159,ES,Barcelona,L2 to Badalona,2006,2010,0.0,0.7,1,0.7,0,0,1,,0.0,110.12329136147663,157.31898765925237
160,ES,Barcelona,L5 to Vall d'Hebron,2007,2010,0.0,2.5,1,2.5,0,0,3,,0.0,503.4207605096075,201.368304203843
161,ES,Barcelona,L9/10,2003,2026,0.0,47.8,0.91,43.7,0,0,52,,0.0,8859.497473979454,185.34513543890074
162,ES,Bilbao,Line 3,2007,2016,0.0,5.9,0.95,5.6,0,0,7,,0.0,436.92209443449116,74.0545922770324
163,ES,Seville,Line 1,2003,2009,0.0,18.2,0.64,11.6,6.552,0,22,,0.0,1498.668402777778,82.34441773504275
164,ES,Malaga,Lines 1-2,2006,2014,0.0,11.3,0.81,9.2,0,0,17,,0.0,1405.4512143669515,124.37621366079216
165,BD,Dhaka,Line 6,2015,2022,0.0,21.3,0,0,0,0,16,,0.0,11352.59550413249,532.9857044193658
166,BD,Dhaka,Line 1,2020,2026,0.0,31.2,0.64,19.9,0,0,19,,0.0,16819.52,539.0871794871795
167,BD,Dhaka,Line 5,2020,2028,0.0,19.6,0.7,14,0,0,14,,0.0,13196.16,673.2734693877551
168,ID,Jakarta,MRT first phase,2013,2019,0.0,15.7,0.38,5.9,0,0,13,,0.0,3312.8536231139096,211.009784911714
169,FR,Lyon,Line A to Vaulx,2005,2007,0.0,1,1,1,0,0,1,,0.0,89.04644097222224,89.04644097222224
170,FR,Lyon,Line B to Oullins,2009,2013,0.0,1.8,1,1.8,0,0,1,,0.0,347.65844073282096,193.14357818490052
171,FR,Lyon,Line B to Hospital-Sud,2017,2023,0.0,2.5,1,2.5,0,0,2,,0.0,536.2632731993618,214.50530927974475
172,PK,Lahore,Orange Line,2015,2020,0.0,27.1,0.06,1.6,0,0,26,,0.0,6675.864188968669,246.34185199146376
173,TH,Bangkok,Sukhumvit Line to Kheka,2012,2018,0.0,12.8,0,0,0,0,9,,0.0,2490.443029198136,194.5658616561044
174,TH,Bangkok,Sukhumvit Line to Khu Khot,2015,2020,0.0,19,0,0,0,0,16,,0.0,5270.629599135118,277.4015578492167
175,TH,Bangkok,Blue Line extension,2011,2020,0.0,26.9,0.2,5.4,0,0,19,,0.0,6638.456893767114,246.78278415491133
176,TH,Bangkok,Brown Line,2020,2026,0.0,22.1,0,0,0,0,18,,0.0,4103.394013469289,185.67393726105382
177,TH,Bangkok,Pink Line,2017,2022,0.0,34.5,0,0,0,0,30,,0.0,4869.9336738286065,141.1574977921335
178,TH,Bangkok,Yellow Line,2017,2022,0.0,30.4,0,0,0,0,23,,0.0,4701.922035226887,154.66848800088442
179,TH,Bangkok,Orange Line,2017,2025,0.0,35.9,0.75,27,0,0,28,,0.0,19060.920000000002,530.9448467966574
180,TH,Chiang Mai,Red Line,2022,2027,0.0,15.8,0.46,7.2,0,0,12,,0.0,2187.0,138.41772151898735
181,VN,Ho Chi Minh City,Line 1,2012,2021,0.0,19.7,0.13,2.6,0,0,14,,0.0,6202.322398930032,314.83870045330116
182,VN,Ho Chi Minh City,Line 2 first phase,2020,2026,0.0,11.3,0.82,9.3,0,0,11,,0.0,6048.0,535.221238938053
183,VN,Ho Chi Minh City,Line 5 first phase,2025,2029,0.0,8.9,0.84,7.5,0,0,7,,0.0,5241.6,588.9438202247192
184,JP,Osaka,Tokaido branch relocation,2015,2023,1.0,2.4,1,2.4,0,0,1,,0.0,731.3286943052606,304.72028929385857
185,JP,Osaka,Higashi Line,1999,2019,1.0,20.3,0,0,0,0,0,,0.0,1318.6195388208096,64.95662752811869
186,JP,Osaka,Monorail extension,2018,2029,0.0,8.9,0,0,0,0,4,,0.0,1112.891491334092,125.04398779034743
187,JP,Tokyo,Fukutoshin Line,2001,2008,0.0,8.9,1,8.9,0,0,8,,0.0,2653.7559555320277,298.1748264642727
188,JP,Tokyo,Minatomirai Line,1993,2004,1.0,4.1,1,4.1,0,0,6,,0.0,2691.5799202453986,656.4829073769266
189,JP,Tokyo,Oedo Line ring,1992,2000,0.0,27.8,1,27.8,0,0,27,,0.0,10290.744470588237,370.1706644096488
190,JP,Tokyo,Haneda express line,2022,2029,1.0,5.6,1,5.6,0,0,2,,0.0,3000.0,535.7142857142858
191,JP,Tokyo,Tama Monorail first phase,1991,2000,0.0,16,0,0,0,0,19,,0.0,2583.8162992125986,161.4885187007874
192,JP,Tokyo,Monorail to Tokyo Station,2015,2025,1.0,3,0,0,0,0,1.809725158562368,,0.0,1146.4433505531067,382.1477835177022
193,JP,Tokyo,Tokyo-Ueno Line,2008,2015,1.0,3.8,0,0,0,0,0,,0.0,433.66957263969346,114.12357174728777
194,JP,Tokyo,Sotetsu Shin-Yokohama JR Line,2010,2019,1.0,2.7,0.78,2.1,0,0,1,,0.0,1236.8408801365235,458.08921486537906
195,JP,Tokyo,Sotetsu Shin-Yokohama Tokyu Line,2010,2022,1.0,10,0.8,8,0,0,2,,0.0,3118.9995375134895,311.89995375134896
196,JP,Fukuoka,Nanakuma Line extension,2014,2022,0.0,1.6,1,1.6,0,0,2,,0.0,633.4327199162111,395.8954499476319
197,BR,Sao Paulo,Line 6 phase 1,2015,2023,0.0,15.9,0.84,13.4,0,0,15,,0.0,4422.444486517189,278.14116267403705
198,CH,Lucerne,Zentralbahn,2008,2013,1.0,1.5,0.9,1.4,0,0,1,,0.0,186.07130241772754,124.0475349451517
199,CH,Zurich,Durchmesserlinie,2007,2014,1.0,9.6,0.5,4.8,0.2,4.6,1,,0.0,1715.371225740177,178.68450268126844
200,JP,Tokyo,Tsukuba Express,1997,2005,0.0,58.3,0.28,16.3,0,0,20,,0.0,11185.17034782609,191.85540905362075
201,IN,Bangalore,Phase 2,2017,2024,0.0,73.9,0.1867,13.8,0,0,62,,0.0,15104.417318042899,204.3899501764939
202,IN,Bangalore,Phase 1,2006,2017,0.0,42.3,0.2,8.5,0,0,41,,0.0,11105.79590022184,262.5483664355045
203,IN,Gurgaon,Phase 1,2009,2013,0.0,5.5,0,0,0,0,6,,0.0,838.8133245013094,152.51151354569262
204,IN,Gurgaon,Phase 2,2013,2017,0.0,6.3,0,0,0,0,5,,0.0,1440.450943181291,228.64300685417317
205,IN,Nagpur,Phase 1,2014,2020,0.0,38.2,0,0,0,0,40,,0.0,5365.008211678833,140.44524114342494
207,IN,Ahmadabad,Phase 1,2015,2023,0.0,40,0.16,6.4,0,0,33,,0.0,6326.5231540697105,158.16307885174274
208,IN,Hyderabad,Phase 1,2012,2020,0.0,72,0,0,0,0,66,,0.0,10612.68213010454,147.3983629181186
209,IN,Hyderabad,Airport express,2020,2026,0.0,31,0.08,2.5,0,0,10,,0.0,2288.1752900765428,73.81210613150138
210,IN,Chennai,Phase 1,2009,2019,0.0,45.1,0.53,24,0,0,34,,0.0,12361.770072992702,274.09689740560316
211,IN,Chennai,Phase 1 extension,2016,2020,0.0,9.1,0.26,2.4,0,0,9,,0.0,1952.7425041914407,214.5870883726858
212,IN,Chennai,Phase 2,2020,2026,0.0,118.9,0.36,42.8,0,0,128,,0.0,32514.6,273.4617325483599
213,CH,Geneva,CEVA,2013,2019,1.0,8.8,0.96,8.4,0.14,0.212,4,,0.0,1203.026550058957,136.70756250669965
214,UA,Kyiv,M3 to Vynohradar,2018,2022,0.0,3.7,1,3.7,0,0,2,,0.0,759.2208538663351,205.19482536927976
215,UA,Kyiv,M4,2021,2026,0.0,20,0.65,13,0,0,13,,0.0,6000.0,300.0
216,UA,Kharkiv,M3 extension,2018,2024,0.0,3.5,1,3.5,0,0,2,,0.0,1489.8,425.65714285714284
217,TW,Taipei,Sanying Line,2016,2023,0.0,14.29,0,0,0,0,12,,0.0,3532.9323335562885,247.231094020734
218,TW,Taipei,Danhai LRT,2014,2024,0.0,14,0,0,0,0,20,,0.0,1146.9825563421068,81.92732545300763
219,TW,Taipei,Circular Line first section,2011,2020,0.0,15.4,0.07,1.1,0,0,14,,0.0,5311.5548157305175,344.906156865618
220,TW,Taipei,Airport MRT,2006,2017,0.0,51,0.21,10.7,0,0,22,,0.0,9106.627355860923,178.5613207031554
221,TW,Taipei,Taoyuan MRT Green Line,2019,2026,0.0,27.8,0.45,12.5,0,0,21,,0.0,6524.7296,234.70250359712227
222,TW,Taipei,Taoyuan MRT Brown Line,2019,2028,0.0,11.5,0,0,0,0,8,,0.0,1359.6621305276826,118.23148961110284
223,TW,Taipei,Taoyuan Underground,2019,2030,1.0,17.9,1,17.9,0,0,8,,0.0,7011.84,391.722905027933
224,TW,Kaohsiung,Red and Orange Lines,2001,2008,0.0,43,0.74,31.8,0,0,38,,0.0,17268.52075383801,401.5935059032096
225,TW,Kaohsiung,Urban Railway Underground,2008,2018,1.0,15.4,1,15.4,0,0,10,,0.0,7713.448348665206,500.8732693938445
226,TW,Tainan,Underground Project,2019,2024,1.0,8.2,1,8.2,0,0,3,,0.0,1949.5040000000001,237.74439024390247
227,TW,Taichung,Green Line,2010,2020,0.0,16.7,0,0,0,0,18,,0.0,4504.38370874663,269.7235753740497
228,AU,Perth,Forrestfield-Airport Link,2016,2021,1.0,8.5,1,8.5,0,0,3,,1.0,1384.9191699156136,162.93166704889572
229,JP,Tokyo,Yurikamome,1988,1995,0.0,12,0,0,0,0,12,,0.0,1828.5103348017624,152.3758612334802
230,AR,Buenos Aires,RER,2020,2026,1.0,20,1,20,0,0,4,,0.0,4646.0,232.3
231,DE,Nuremberg,U3 extension to Grossreuth,2014,2020,0.0,1.1,1,1.1,0,0,1,90,0.0,99.15963201697129,90.14512001542845
232,DE,Cologne,North-South Stadtbahn,2003,2015,0.0,4,1,4,0,0,6,,0.0,1707.6375636836538,426.90939092091344
233,DE,Berlin,U8 to Wittenau,1985,1994,0.0,3.6,1,3.6,0,0,4,100,0.0,707.7586346793607,196.59962074426687
234,DE,Berlin,U2 to Pankow,1997,2000,0.0,0.8,1,0.8,0,0,1,100,0.0,116.69996319018406,145.87495398773007
235,DE,Frankfurt,U-Bahn Europaviertel,2019,2025,0.0,2.7,0.52,1.4,0,0,4,,0.0,485.55,179.83333333333331
236,PE,Lima,Line 2,2014,2025,0.0,35,1,35,0,0,35,,0.0,11752.558107151377,335.7873744900394
237,MY,Kuala Lumpur,Kajang Line,2012,2017,0.0,51,0.19,9.5,0,0,31,,0.0,16825.742599351175,329.91652155590543
238,MY,Kuala Lumpur,Putrajaya Line (MRT 2),2016,2023,0.0,52.2,0.26,13.5,0,0,41,,0.0,22651.05148695322,433.9281894052341
239,TR,Istanbul,M2,1992,2014,0.0,23.5,0.9148936170212766,21.5,0,0,17,180,0.0,7392.76847826087,314.5858926919519
240,TR,Istanbul,M3 Phase 1,2006,2013,0.0,16.1,1,15.9,0,0,11,180,0.0,2672.2213009502148,165.97647831988908
241,TR,Istanbul,M4 Phase 1,2005,2012,0.0,21.7,1,21.7,0,0,16,180,0.0,2789.1834555344763,128.5337997942155
242,TR,Istanbul,M4 Phase 2,2013,2016,0.0,4.4,1,4.4,0,0,3,180,0.0,397.0511862018336,90.23890595496216
243,TR,Istanbul,M5 Phase 1,2011,2018,0.0,19.7,1,19.7,0,0,16,140,0.0,2277.1279950383305,115.59025355524523
244,TR,Istanbul,BC1,2004,2013,1.0,13.6,1,13.6,0,0,4,225,0.0,3914.304418352079,287.8165013494176
245,TR,Istanbul,CR3,2011,2019,1.0,63,0,0,0,0,36,225,0.0,3413.062514503179,54.17559546830442
246,TR,Istanbul,M7 Phase1-2,2014,2024,0.0,23.75,0.9621,22.85,0,0,19,180,0.0,2849.002217815276,119.95798811853793
247,TR,Izmir,M1 (Phase 1),1995,2000,0.0,11.6,0.2931,3.4,0,0,10,,0.0,1994.871165644172,171.9716522107045
248,TR,Izmir,M1  (Phase 2),2005,2014,0.0,5.35,1,5.35,0,0,6,,0.0,344.4660270756136,64.38617328516143
249,TR,Izmir,M1 (Phase 3),2010,2012,0.0,2.25,1,2.25,0,0,2,,0.0,127.69159638835418,56.75182061704631
250,TR,Ankara,M4,2003,2017,0.0,9.22,1,9.22,0,0,9,,0.0,1366.9286788714826,148.25690660211308
251,TR,Bursa,Bursaray,1997,2014,0.0,39,0.1603,6.25,0,0,38,,0.0,1199.6067708333335,30.759147970085476
253,CN,Beijing,Line 4,2004,2009,0.0,28.2,0.9516666666666667,26.837,0,0,24,117,0.0,7509.215541935484,266.2842390757264
257,CN,Beijing,Capital Airport Express west extenion,2016,2020,0.0,1.83,1,1.83,,,1,68,0.0,460.344801220197,251.5545361859
258,CN,Beijing,Line 13,1999,2003,0.0,40.85,0,0,13.855,26.995,17,117,0.0,3921.7296176470595,96.0031730146159
261,CN,Shanghai,Line 1 (Shanghai Railway Station to Jinjiang Park),1990,1995,0.0,16.1,0.6502859413270686,10.469603655365805,,,13,,0.0,3497.984445538058,217.26611462969302
262,CN,Shanghai,Line 2 Phase 1,1995,1999,0.0,16.3,1,16.3,0,0,12,,0.0,8047.3111548556435,493.7000708500395
263,CN,Shanghai,Line 2 Eastern Extension 1,1999,2000,0.0,2.72,0.3198529412,0.87,0.305,1.5718,1,,0.0,187.89084197058824,69.0775154303633
264,CN,Shanghai,Line 2 Western Extension 1,2001,2006,0.0,6.155,1,6.155,0,0,4,,0.0,1776.4229456167284,288.61461342270155
265,CN,Shanghai,Line 2 Eastern Extension 2,2006,2010,0.0,30.8,0.698051948051948,21.5,8.565,0.983,10,,0.0,4373.568541079317,141.99897860647133
266,CN,Shanghai,Line 2 Western Extension 2,2005,2010,0.0,8.53,0.6502859413270686,5.546939079519895,,,3,,0.0,931.9968265032835,109.26105820671555
267,CN,Shanghai,Line 3,1997,2000,0.0,24.975,0,0,21.605,3.375,14.24924531095098,,0.0,5565.600782944785,222.8468781959874
268,CN,Shanghai,Line 3 Northern Extension,2001,2006,0.0,15.365,0.128799219,1.979,13.395,0.1306,10,,0.0,1641.8147569444448,106.8541983042268
269,CN,Shanghai,Line 4 Phase 1,2000,2005,0.0,22.032,0.9432643428,20.782,1.285,0.0368,9,,0.0,6151.8930967741935,279.22535842293905
270,CN,Shanghai,Line 5 Phase 1,2000,2002,0.0,17.206,0,0,16.7,0.51,11,,0.0,1935.2184727272731,112.47346697240921
271,CN,Shanghai,Line 5 Southern Extension,2014,2018,0.0,19.628,0.3946912574,7.747,11.9743,0,9,,0.0,3009.224888982405,153.31286371420447
272,CN,Shanghai,Line 7 Phase 1,2005,2009,0.0,34.388,1,34.388,0,0,28,,0.0,8138.0390224845905,236.65345534734766
273,CN,Shanghai,Line 7 Northern Extension,2009,2011,0.0,9.978,0.7025456003,7.01,2.515,0.479,5,,0.0,1176.9255925083464,117.95205376912672
274,CN,Shanghai,Line 8 Phase 2,2004,2009,0.0,14.44,0.5706371191135734,8.24,6.2092,0,8,,0.0,2134.8551377151725,147.84315358138315
275,CN,Shanghai,Line 9 Phase 1,2003,2008,0.0,30.687,0.4817023495,14.782,15.9588,0,13,,0.0,7532.433129125002,245.46006873024413
276,CN,Shanghai,Line 9 Phase 2,2005,2009,0.0,14.5,1,14.5,0,0,10,,0.0,3890.5919177011892,268.31668397939234
277,CN,Shanghai,Line 9 Phase 3,2009,2012,0.0,5.372,1,5.372,0,0,3.064942775192339,,0.0,1043.8364456836775,194.31058184729665
278,CN,Shanghai,Line 9 Phase 3 Eastern Extension,2013,2017,0.0,13.828,1,13.828,,,9,138,0.0,3749.8117661602337,271.17527958925615
279,CN,Shanghai,Line 10 Phase 1,2005,2010,0.0,36.221,1,36.221,0,0,31,138,0.0,10350.541182394305,285.76077917214616
280,CN,Shanghai,Line 11 Phase 1,2007,2009,0.0,46.008,0.4711354547,21.676,24.3853,0,21,,0.0,7512.6109366799365,163.28923093114102
281,CN,Shanghai,Line 11 Phase 2,2008,2013,0.0,22.886,0.6502859413270686,14.882444053211293,,,13,,0.0,4116.997607498381,179.8915322685651
282,CN,Shanghai,Line 11 Huaqiao,2008,2013,0.0,6,0,0,6,0,3,,0.0,587.1445103173548,97.85741838622582
284,CN,Xuzhou,Line 4 Phase 1,2021,2026,0.0,26.2,1,26.2,,,19,117,0.0,4414.33,168.48587786259543
286,CN,Xuzhou,Line 6 Phase 1,2021,2026,0.0,22.912,1,22.912,,,16,117,0.0,4578.523,199.83078736033522
287,CN,Shenzhen,Line 6 Phase 1,2015,2020,0.0,37.626,0.345771541,13.01,24.8358,0,20,138,0.0,4438.637173629243,117.96728787618251
288,CN,Shenzhen,Line 6 (feeder),2018,2022,0.0,6.13,0.865415986949429,5.305,0,0,4,,0.0,970.5602892392486,158.32957410101935
289,CN,Shenzhen,Line 3 Phase 4,2017,2022,0.0,9.35,0.7935828877,7.42,0,0,7,,0.0,2698.7119424985804,288.6322933153562
290,CN,Shenzhen,Line 12 Phase 2,2020,2022,0.0,8.05,1,8.05,,,6,138,0.0,2173.466,269.9957763975155
291,CN,Shenzhen,Line 13 Northern Extension,2021,2026,0.0,19.296,1,19.296,,,11,184,0.0,6663.32,345.32131011608624
292,CN,Shenzhen,Line 13 Southern Extension,2020,2025,0.0,4.47,1,4.47,0,0,3,,0.0,1241.6326989965653,277.7701787464352
295,CN,Shenzhen,Line 8 Phase 3,2020,2025,0.0,4.26,1,4.26,0,0,2.4305019028889356,,0.0,2081.398788845915,488.591264987304
297,CN,Shenzhen,Line 20 Phase 1,2022,2027,0.0,8.43,1,8.43,,,5,184,0.0,2678.234,317.70272835112695
298,CN,Hangzhou,Line 1 Phase 1,2007,2012,0.0,48,0.8852631578947369,42.49263157894737,,,31,,0.0,9607.237939057211,200.15079039702525
299,CN,Nanjing,Line 1 Phase 1,2000,2005,0.0,21.72,0.6597605893,14.33,6.05,1.552,16,,0.0,4908.774186991871,226.0024947970475
300,CN,Wuhan,Line 1 Phase 1,2000,2003,0.0,10.234,0,0,10.23,0,10,78,0.0,1269.9287573170734,124.0891887157586
301,CN,Wuhan,Line 1 Phase 2,2005,2010,0.0,18.25,0,0,18.25,0,16,,0.0,2270.243850903226,124.39692333716306
302,CN,Wuhan,Line 1 Phase 3 Hankou North,2011,2013,0.0,5.7,0,0,5.7,0,3,,0.0,807.7384903462716,141.70850707829325
304,CN,Hefei,Line 2 Eastern Extension,2020,2024,0.0,14.5,1,14.5,,,11,117,0.0,2427.7147210126313,167.42860144914698
305,CN,Hefei,Line 3 Southern Extension,2020,2024,0.0,11.25,1,11.25,,,8,117,0.0,2277.827984475158,202.47359862001403
306,CN,Hefei,Line 4 Southern Extension,2022,2027,0.0,13.97,0.47,6.55,,,8,117,0.0,1850.6883195845621,132.47589975551625
307,CN,Hefei,Line 6 Phase 1,2021,2026,0.0,27.5,1,27.5,,,17,117,0.0,5015.0804,182.36656
310,CN,Kunming,Line 1 Phase 1 and Line 2 Phase 1,2010,2014,0.0,42.1,0.6983372922,29.4,12.09,0.961,31,,0.0,8625.444229922588,204.87991044946764
313,CN,Beijing,Line 28,2017,2021,0.0,8.777,1,8.777,0,0,9,,0.0,3216.256409955526,366.44142758978313
318,CN,Beijing,Line 11 West,2019,2021,0.0,4.2,1,4.2,,,4,138,0.0,1430.0545898358264,340.48918805614915
320,CN,Shenzhen,Line 13,2021,2026,0.0,22.436,1,22.436,,,16,184,0.0,5585.669,248.96010875378855
321,CN,Beijing,Line 3 Phase 1+2,2016,2021,0.0,37.4,0.5561497326,20.8,0,0,27,,0.0,12240.791968508589,327.2939029012992
322,CN,Beijing,Line 12,2017,2021,0.0,29.2,1,29.2,0,0,21,,0.0,9556.66650071514,327.2830993395596
323,CN,Guangzhou,Line 13 Phase 2,2019,2024,0.0,33.5,1,33.5,,,23,184,0.0,10363.913302197865,309.3705463342647
324,CN,Guangzhou,Line 10,2017,2022,0.0,19.41,1,19.41,,,14,117,0.0,5791.032961079708,298.3530634250236
325,CN,Shenzhen,Line 12,2017,2022,0.0,40,1,40,0,0,33,,0.0,10076.763202513053,251.91908006282637
326,CN,Beijing,Line 8 Phase 4,2016,2018,0.0,3.4,0.290764705882353,0.9886,2.414,0,2,,0.0,1008.7592417421536,296.6938946300452
327,CN,Chengdu,Line 18 Phase 3,2019,2024,0.0,14.29,1,14.29,0,0,7,,0.0,3697.0552113182894,258.71624991730505
328,CN,Tianjin,M8 Phase 1,2017,2020,0.0,20,1,20,0,0,18,,0.0,5914.809670951873,295.7404835475936
329,CN,Beijing,Line 19 Phase 1,2017,2021,0.0,22.4,1,22.4,0,0,10,,0.0,6542.187129193266,292.06192541041366
330,CN,Beijing,Line 17,2015,2022,0.0,49.7,1,49.7,,,20,184,0.0,12886.467349221808,259.2850573284066
331,CN,Beijing,Line 16,2013,2021,0.0,49.8,1,49.8,0,0,29,,0.0,15718.579373017343,315.63412395617155
332,CN,Beijing,Line 25 Phase 2 (Fangshan Northern Extension),2017,2020,0.0,5,0.7562795038877426,3.7813975194387126,,,4,,0.0,1433.499975107271,286.6999950214542
333,CN,Tianjin,M10 Phase 1,2018,2022,0.0,21.22,1,21.22,,,21,117,0.0,5522.287794065941,260.23976409358824
334,CN,Tianjin,M7 Phase 1,2019,2024,0.0,26.53,1,26.53,,,21,138,0.0,6783.14783244738,255.67839549368188
335,CN,Wuhan,Line 12 (Ring),2020,2024,0.0,59.9,1,59.9,0,0,37,,0.0,14932.306616024245,249.28725569322614
336,CN,Nanchang,Line 2 Eastern Extension,2021,2026,0.0,10.42,1,10.42,,,9,117,0.0,2461.939,236.27053742802303
337,CN,Chengdu,Line 8 Phase 2,2019,2024,0.0,7.83,1,7.83,0,0,7,,0.0,1879.8072758422418,240.07755757883035
338,CN,Tianjin,M11 Phase 1,2019,2024,0.0,22.6,1,22.6,,,21,117,0.0,6000.903822465256,265.52671780819713
339,CN,Shenzhen,Line 16,2018,2023,0.0,27.6,1,27.6,0,0,24,,0.0,7273.552463691253,263.53450955403093
340,CN,Guangzhou,Line 12,2018,2023,0.0,37.6,1,37.6,,,25,138,0.0,9383.560300760017,249.56277395638338
341,CN,Beijing,Line 7 Phase 2 (Eastern Extension),2016,2020,0.0,17.2,0.8720930233,15,0,0,9,,0.0,4344.233689434059,252.5717261298871
343,CN,Hangzhou,Line 9 Phase 1,2017,2022,0.0,17.8,0.8852631578947369,15.757684210526318,,,14,,0.0,4436.8993395609305,249.26400784050168
344,CN,Shanghai,Jiamin Line,2021,2027,1.0,41.36,0.94,38.68,,,17,184,0.0,9536.1,230.56334622823985
345,CN,Beijing,Line 27 Phase 2 (Changping Southern Extension),2019,2021,0.0,16.6,0.7562795038877426,12.554239764536527,,,8,,0.0,4197.2643304066805,252.8472488196795
346,CN,Nanjing,Line 5,2021,2026,0.0,37.4,1,37.4,,,30,138,0.0,7996.4619999999995,213.80914438502674
347,CN,Tianjin,B1 Phase 1,2021,2026,0.0,31.6,0.8120789869857142,25.661695988748573,,,22,117,0.0,7064.84,223.57088607594937
348,CN,Shenzhen,Line 14,2020,2025,0.0,50.34,1,50.34,,,17,184,0.0,10260.61040353772,203.82618997889787
349,CN,Beijing,Line 6 Phase 1,2008,2012,0.0,30.4,1,30.4,,,20,156,0.0,10438.364456836776,343.36725186963076
350,CN,Changsha,Line 6 Central,2017,2021,0.0,26.5,1,26.5,0,0,20,,0.0,5907.614714425587,222.9288571481354
351,CN,Nanjing,Line 1 Northern Extension,2021,2026,0.0,6.54,0.92,6.04,,,5,138,0.0,1955.02,298.93272171253824
352,CN,Hangzhou,Line 10 Phase 1,2016,2021,0.0,15.184,1,15.184,,,12,138,0.0,3752.778,247.15345100105375
353,CN,Wuhan,Line 8 Phase 2,2016,2021,0.0,17.6,1,17.6,,,12,184,0.0,3751.8101299446057,213.17103011048894
354,CN,Changsha,Line 7 Phase 1,2017,2021,0.0,21.6,1,21.6,0,0,16,,0.0,4790.557692395561,221.78507835164635
355,CN,Nanchang,Line 3,2016,2021,0.0,28.5,1,28.5,,,22,117,0.0,5340.933,187.40115789473685
356,CN,Xiamen,Line 6,2017,2022,0.0,44.5,1,44.5,0,0,27,,0.0,10333.21182332182,232.2070072656589
357,CN,Nanjing,Line 4 Phase 2,2021,2025,0.0,10,1,10,,,6,117,0.0,2105.5899999999997,210.55899999999997
359,CN,Nanjing,Line 10 Phase 2,2020,2023,0.0,13.33,1,13.33,,,10,138,0.0,2511.412,188.40300075018754
360,CN,Guangzhou,Line 14 Phase 2,2017,2021,0.0,11.6,1,11.6,0,0,7,,0.0,2508.3584122878588,216.23779416274647
361,CN,Chengdu,Line 13 Phase 1,2019,2024,0.0,28.85,0.9116117850953206,26.3,0,0,19,,0.0,5964.326788783409,206.73576390930359
362,CN,Nanning,Line 5 Phase 1,2016,2021,0.0,20.22,1,20.22,,,17,117,0.0,3919.6,193.84767556874382
363,CN,Shanghai,Line 8 Phase 1,2004,2009,0.0,23.22,1,23.22,0,0,22,,0.0,8160.349527272729,351.4362414846137
364,CN,Guangzhou,Line 22,2017,2021,1.0,31,1,31,,,6,184,0.0,6606.026451735051,213.09762747532423
365,CN,Beijing,Line 22,2019,2022,0.0,78.6,0.62,48.5,0,0,20,,0.0,16126.688022624063,205.17414787053517
366,CN,Guangzhou,Line 5 Eastern Extension,2018,2022,0.0,9.7,1,9.7,0,0,6,,0.0,2077.1765154210184,214.14190880629056
367,CN,Hangzhou,Line 6 Phase 2,2017,2022,0.0,8.366,1,8.366,,,5,117,0.0,1557.9212382008495,186.2205639733265
368,CN,Xiamen,Line 2 Phase 2,2016,2020,0.0,15.5,1,15.5,0,0,9,,0.0,3462.3514166670143,223.3775107527106
371,CN,Fuzhou,Line 5 Phase 1,2020,2025,0.0,27.7,1,27.7,,,20,117,0.0,5451.4731923295385,196.80408636568734
372,CN,Nanjing,Line 9 Line 5,2016,2020,0.0,19.677,1,19.677,,,16,117,0.0,5434.626125516214,276.19180390894013
373,CN,Changsha,Line 5 South Extension,2018,2022,0.0,8.43,1,8.43,0,0,7,,0.0,1777.304301607376,210.8308780079924
374,CN,Wuhan,Line 5,2017,2021,0.0,33.59,0.75,25.33,,,26,138,0.0,5868.974245805904,174.72385370068184
375,CN,Chongqing,Line 5 Northern Extension,2019,2024,0.0,8.95,1,8.95,,,7,117,0.0,2127.1,237.66480446927375
376,CN,Beijing,Line 13A,2019,2022,0.0,30.2,0.6026490066225165,18.2,12.08,0,18,,0.0,6044.039496669365,200.13375816785978
378,CN,Changchun,Line 5 Phase 1,2021,2026,0.0,19.567,1,19.567,,,18,117,0.0,5045.108094047884,257.8375884932736
379,CN,Wuhan,Line 11 East,2017,2021,0.0,32.1,1,32.1,0,0,20,,0.0,7261.886705173047,226.2270001611541
380,CN,Nanjing,Line 2 Western Extension,2017,2020,0.0,5.6,1,5.6,0,0,4,,0.0,1262.4238463907652,225.4328297126367
381,CN,Nanning,Line 2 Eastern Extension,2017,2021,0.0,6.5,1,6.5,0,0,4,117,0.0,1294.0740997878588,199.08832304428597
382,CN,Nanjing,Line 7,2019,2024,0.0,35.49,1,35.49,,,27,117,0.0,7614.581646346472,214.55569586775067
383,CN,Fuzhou,Line 4 Phase 1,2017,2021,0.0,24.2,1,24.2,0,0,21,,0.0,5437.86122244396,224.7050091918992
384,CN,Chengdu,Line 30 Phase 1,2019,2024,0.0,24.78,1,24.78,0,0,24,117,0.0,4821.105294672158,194.55630729104752
385,CN,Beijing,Line 7 Phase 1,2009,2014,0.0,23.7,1,23.7,0,0,21,,0.0,4871.453095431199,205.54654411102103
386,CN,Nanchang,Line 4 Phase 1,2016,2021,0.0,38.2,0.8429319372,32.2,0,0,29,,0.0,8450.570840910146,221.21913196099857
388,CN,Hangzhou,Line 4 Phase 2,2017,2022,0.0,23.9,1,23.9,,,15,117,0.0,5176.222090173912,216.5783301327997
389,CN,Guangzhou,Line 8 Northern Extension,2017,2023,0.0,20,0.57,11.3,,,9,138,0.0,3774.1930671030223,188.7096533551511
390,CN,Changsha,Line 6 West,2018,2022,0.0,10.05,1,10.05,0,0,7,,0.0,1998.7077511015011,198.87639314442796
391,CN,Hangzhou,Line 8 Phase 1,2018,2022,0.0,17.1,1,17.1,,,9,138,0.0,3384.587643415466,197.9291019541208
392,CN,Guangzhou,Line 7 Phase 2,2018,2022,0.0,21.8,1,21.8,0,0,11,,0.0,4289.361578206593,196.75970542232076
393,CN,Suzhou,Line 7,2021,2026,0.0,29.6,1,29.6,,,25,117,0.0,5256.327,177.57861486486487
394,CN,Guangzhou,Line 18,2017,2023,1.0,62.5,1,62.5,,,9,184,0.0,12161.094149784982,194.5775063965597
395,CN,Shenyang,Line 6 Phase 1,2020,2026,0.0,36,1.0,36.0,,,32,,0.0,6646.929913908087,184.6369420530024
396,CN,Chengdu,Line 17 Phase 2,2019,2024,0.0,27.6,1,27.6,0,0,17,,0.0,5048.639669713717,182.92172716354045
397,CN,Nanning,Line 4 Phase 1,2015,2020,0.0,24.98,1,24.98,,,19,117,0.0,4336.456000324562,173.59711770714821
398,CN,Nanning,Line 3 Phase1,2015,2019,0.0,27.7,1,27.7,0,0,23,117,0.0,5705.3888926954605,205.97071814785056
399,CN,Guiyang,Line 3 Phase 1,2018,2023,0.0,43.135,1,43.135,0,0,29,,0.0,8334.33390726991,193.21511318580988
400,CN,Hefei,Line 5 Phase 1,2020,2025,0.0,40.22,1,40.22,,,33,117,0.0,7666.493879858277,190.61397016057379
401,CN,Hangzhou,Line 3 Phase 1,2017,2021,0.0,52.9,1,52.9,,,35,117,0.0,10525.101689881807,198.96222476147085
403,CN,Kunming,Line 1 Northwestern Extension,2020,2025,0.0,7.594,1,7.594,,,7,117,0.0,2237.0407757011876,294.58003367147586
404,CN,Chongqing,Line 10,2014,2020,0.0,44.09,0.811521887,35.78,7.06,1.3171,27,,0.0,7953.22368241427,180.38611209830503
405,CN,Nanjing,Line 6,2019,2023,0.0,32.365,1,32.365,,,19,117,0.0,7855.929999999999,242.72918275915336
406,CN,Hefei,Line 3 Phase 1,2014,2019,0.0,37.2,0.89,32.97,,,33,117,0.0,6896.268303932768,185.38355655733247
407,CN,Nanjing,Line S8 Southern Extension,2017,2020,0.0,2.5,1,2.5,0,0,2,,0.0,484.8652213060453,193.94608852241814
408,CN,Chongqing,Line 5A,2019,2024,0.0,28.96,0.6256906077,18.12,0,0,19,,0.0,5200.361771117492,179.57050314632224
409,CN,Fuzhou,Line 6,2015,2019,0.0,40.5,0.7901234568,32,0.455,8.05,20,,0.0,8175.07928190805,201.8538094298284
410,CN,Shanghai,Airport Contact Line,2019,2025,0.0,68.6,0.83,56.7,0,0,9,,0.0,12289.671709908525,179.14973338059076
411,CN,Zhengzhou,Line 12 Phase 1,2019,2024,0.0,17.034,1,17.034,,,12,117,0.0,2864.415,168.15868263473055
412,CN,Beijing,Line 10 North and East,2003,2008,0.0,24.64,1,24.64,0,0,22,,0.0,6688.963129032258,271.46765945747796
413,CN,Changsha,Line 5 Phase 1,2014,2021,0.0,22.7,1,22.7,0,0,18,117,0.0,5432.706202113297,239.32626441027745
414,CN,Wuhan,Line 7 South,2016,2020,0.0,14.2,1,14.2,0,0,7,,0.0,2831.604889100782,199.40879500709732
415,CN,Changchun,Line 7 Phase 1,2020,2025,0.0,22.5,1,22.5,0,0,19,,0.0,3985.307243007961,177.12476635590937
416,CN,Shenyang,Line 1 Eastern Extension,2020,2025,0.0,15,1,15,0,0,9,117,0.0,2610.84343866978,174.05622924465197
417,CN,Nanjing,Line 11 Phase 1,2018,2021,0.0,27,0.95,25.6,,,20,117,0.0,5264.6002145105895,194.98519313002186
418,CN,Xiamen,Line 3 Phase 2,2016,2020,0.0,22.6,0.7433628319,16.8,0,0,13,,0.0,4294.358599457516,190.01586723263347
419,CN,Hefei,Line 4 Phase 1,2015,2020,0.0,36,1,36,0,0,28,117,0.0,7395.1702646830245,205.42139624119514
420,CN,Guiyang,Line 2 Phase 2,2017,2022,0.0,12.8,0.8125,10.4,2.27,0.162,8,,0.0,2401.6556110863435,187.62934461612056
421,CN,Chengdu,Line 10 Phase 3,2019,2025,0.0,5.5,1,5.5,0,0,4,138,0.0,937.3810838740969,170.4329243407449
422,CN,Hefei,Line 1 Phase 1+2,2012,2016,0.0,24.58,1,24.58,0,0,26,117,0.0,5466.840816815771,222.4101227345717
423,CN,Wuhan,Line 4 Western Extension,2016,2018,0.0,4,0.85,3.4,0,0,2,,0.0,776.921591447027,194.23039786175676
424,CN,Tianjin,Z4 Phase 1,2015,2020,0.0,43.7,0.3455377574,15.1,0,0,20,,0.0,8465.023824198266,193.70763899767195
425,CN,Beijing,Daxing Airport Express Phase 1,2016,2019,0.0,44,0.7562795038877426,33.276298171060674,,,3,,0.0,7017.745358820607,159.49421270046832
426,CN,Beijing,Daxing Airport Express Phase 2,2019,2024,0.0,3.5,0.7562795038877426,2.646978263607099,,,2,,0.0,1019.1118349976726,291.174809999335
427,CN,Beijing,Line 8 Phase 1 for Olympics,2005,2008,0.0,4.528,1,4.528,0,0,4,,0.0,1181.5540709677418,260.94392026672745
428,CN,Xi'an,Line 1 Phase 3,2019,2023,0.0,10.6,1,10.6,,,7,117,0.0,2127.817,200.7374528301887
429,CN,Changsha,Line 3 Phase 1,2012,2016,0.0,35.6,0.8389082213153848,29.8651326788277,,,25,,0.0,6242.6261391971275,175.35466683138
430,CN,Chengdu,Line 27 Phase 1,2019,2024,0.0,24.86,0.7,17.35,,,17,117,0.0,4184.160397798612,168.30894600959826
433,CN,Hangzhou,Line 7,2017,2021,0.0,45,0.8852631578947369,39.83684210526316,,,22,,0.0,8217.204454828403,182.60454344063118
434,CN,Taiyuan,Line 1 Phase 1,2021,2026,0.0,28.737,1,28.737,,,24,138,0.0,5367.6293,186.78460869262622
435,CN,Changsha,Line 4 Phase 1,2013,2017,0.0,33.5,0.8389082213153848,28.10342541406539,,,24,,0.0,7270.341527600896,217.02512022689243
437,CN,Suzhou,Line 6,2020,2025,0.0,36.2,1,36.2,,,31,117,0.0,5995.469461498933,165.6207033563241
438,CN,Xi'an,Line 15 Phase 1,2020,2025,0.0,19,1,19,0,0,11,,0.0,3137.0482128789745,165.10780067784077
439,CN,Guiyang,S2 Phase 1 North,2021,2026,0.0,30.32,0.75,22.64,,,13,117,0.0,4123.33555,135.99391655672824
441,CN,Zhengzhou,Line 10 Phase 1,2019,2024,0.0,21.3,1,21.3,,,12,138,0.0,3303.6969999999997,155.10314553990608
442,CN,Changsha,Line 2 West Extension,2017,2021,0.0,14.72,0.7826086957,11.52,0,0,11,,0.0,2513.3782995675588,170.74580839453523
443,CN,Kunming,Line 1 Feeder,2013,2015,0.0,5.2,0.8813895487000001,4.58322565324,,,4,,0.0,1049.810573882734,201.88664882360268
444,CN,Hangzhou,Line 2 Phase 3,2017,2020,0.0,1.6,0.8852631578947369,1.416421052631579,,,1,,0.0,279.9806187319537,174.98788670747103
445,CN,Zhengzhou,Line 8 Phase 1,2019,2024,0.0,50.63,1,50.63,,,27,138,0.0,7413.65811,146.4281672921193
446,CN,Chengdu,Line 19 Phase 2,2019,2024,0.0,42.87,1,42.87,,,12,184,0.0,8959.607464219638,208.99480905574148
447,CN,Zhengzhou,Line 3 Phase 2,2021,2026,0.0,6.305,1,6.305,,,4,138,0.0,853.947,135.43965107057892
449,CN,Taiyuan,Line 2 Phase 1,2012,2016,0.0,25.1,0.6833333333333331,17.151666666666664,,,22,,0.0,5017.125553211323,199.88548020762238
451,CN,Shenyang,Line 3 Phase 1,2019,2025,0.0,38.4,1.0,38.4,,,28,,0.0,5834.667510766378,151.94446642620775
452,CN,Guangzhou,Line 3 Eastern Extension,2019,2022,0.0,9.6,1,9.6,0,0,4,,0.0,1505.437774722585,156.81643486693594
453,CN,Beijing,Daxing Line,2007,2010,0.0,21.8,0.8027522936,17.5,4.36,0,11,,0.0,4756.618530254363,218.1935105621267
456,CN,Xi'an,Line 16 Phase 1,2019,2024,0.0,15.03,1,15.03,,,9,117,0.0,2540.8089999999997,169.04916833000664
458,CN,Tianjin,Z2 Phase 1,2017,2020,0.0,52.8,0.3390151515,17.9,0,0,5,,0.0,8841.391307374577,167.45059294270033
459,CN,Kunming,Line 3 Phase 2,2013,2018,0.0,4,0.8813895487,3.5255581948,,,3,117,0.0,706.4693142700006,176.61732856750015
460,CN,Changchun,Line 2 Eastern Extension,2019,2025,0.0,9.1,1,9.1,0,0,5,,0.0,1312.2384305893504,144.20202533948907
461,CN,Hangzhou,Line 5 Phase 2,2017,2020,0.0,3.2,0.8852631578947369,2.832842105263158,,,2,,0.0,497.0506126071324,155.32831643972887
462,CN,Guiyang,S1 Phase 1,2016,2020,0.0,28.5,0.5298245614,15.1,0,0,12,,0.0,4386.45748719829,153.91078902450144
464,CN,Changsha,Line 2 West Extension Phase 1,2012,2015,0.0,4.5,0.8389082213153848,3.7750869959192315,,,4,,0.0,817.2423287019698,181.60940637821548
465,CN,Beijing,Line 5,2002,2007,0.0,27.6,0.7562795038877427,20.873314307301698,,,23,,0.0,6110.8110111169935,221.4061960549635
466,CN,Chongqing,Ring Line,2012,2016,0.0,50.93,0.86,43.622,,,33,117,0.0,10401.465756201002,204.23062548990774
467,CN,Changsha,Line 1 North Extension Phase 1,2017,2021,0.0,9.93,0.5438066465,5.4,0,0,5,117,0.0,1614.554271907637,162.59358226663014
468,CN,Kunming,Line 5,2020,2025,0.0,26.45,1,26.45,,,22,117,0.0,5717.215620047063,216.15181928344282
469,CN,Xiamen,Line 4,2017,2022,0.0,69.6,0.4482758621,31.2,0,0,18,,0.0,10274.268535167725,147.61880079263975
470,CN,Chongqing,Line 6 Branch (EXPO) Phase 2,2016,2020,0.0,13.99,0.6383130808,8.93,0,0,7,117,0.0,1911.4539135109735,136.63001526168503
472,CN,Nanjing,Line 3 Phase 3,2015,2017,0.0,6.6,1,6.6,0,0,2,,0.0,994.0112996114203,150.60777266839705
473,CN,Chongqing,Line 9 Phase 2,2016,2020,0.0,10.77,0.8085139439,8.707695175803,,,5,,0.0,1782.3916367827544,165.49597370313413
474,CN,Chongqing,Line 9 Phase 1,2021,2026,0.0,32.3,0.8085139439,26.115000387969996,,,26,117,0.0,5042.9,156.12693498452012
476,CN,Wuhan,Line 2 Northern Extension,2016,2021,0.0,19.8,0.69,13.7,,,7,156,0.0,2674.268318799035,135.06405650500176
477,CN,Xi'an,Line 10 Phase 1,2020,2026,0.0,34.11,0.8538461538461538,29.124692307692307,,,16,117,0.0,5234.817,153.46868953386104
478,CN,Chongqing,Line 4 Phase 1,2013,2018,0.0,15.77,0.7006975269,11.05,4.731,0,9,,0.0,2796.0018460488427,177.2987854184428
479,CN,Nanchang,Line 1 Eastern Extension,2018,2021,0.0,4.1,1,4.1,0,0,2,,0.0,601.7160389339163,146.76000949607715
480,CN,Changsha,Line 6 East,2018,2022,0.0,12.15,1,12.15,0,0,5,,0.0,1622.216205124021,133.51573704724453
482,CN,Kunming,Line 4,2020,2025,0.0,43.5,1,43.5,,,26,117,0.0,7582.417179563467,174.30844090950498
484,CN,Changsha,Line 4 North Extension,2018,2022,0.0,14.26,0.1444600281,2.06,0,0,8,,0.0,1804.7815793488903,126.56252309599512
485,CN,Shanghai,Line 11 (to Disney),2011,2016,0.0,9.15,0.1595628415,1.46,7.73,0.0475,3,,0.0,1448.5669986846349,158.3133331895776
486,CN,Wuhan,Line 16,2020,2025,0.0,33,0.38,12.7,,,12,138,0.0,4247.374734536014,128.70832528897012
487,CN,Nanchang,Line 2 Western Extension,2015,2018,0.0,8.5,1,8.5,0,0,7,,0.0,1159.1882514756326,136.37508840889797
488,CN,Beijing,Line 15 Phase 1,2009,2014,0.0,41.4,0.6690821256,27.7,13.605,0.471,18,117,0.0,6747.657023883773,162.98688463487372
489,CN,Shanghai,Line 6,2002,2011,0.0,33.09,0.6361438501,21.05,11.845,0.3983,28,,0.0,6723.791439688717,203.19708188844714
490,CN,Wuhan,Line 1 Phase 4 (Jinghe),2015,2017,0.0,3.97,0,0,3.97,0,2,,0.0,513.2283861495167,129.27667157418557
491,CN,Changchun,Line 9 (Konggang),2019,2025,0.0,28.2,0.4929078014,13.9,0,0,8,,0.0,3232.643493012939,114.63274797918223
493,CN,Chongqing,Line 6 Branch (EXPO),2013,2018,0.0,12.1,0.98,11.9,,,5,117,0.0,1766.5142838807167,145.99291602319974
494,CN,Kunming,Line 2 Phase 2,2017,2019,0.0,9.2,1,9.2,0,0,8,,0.0,1691.2556311250578,183.8321338179411
495,CN,Chongqing,Line 5 Phase 1,2013,2017,0.0,40,0.8085139438999999,32.340557755999995,,,25,,0.0,6365.548325484962,159.13870813712407
496,CN,Kunming,Line 6,2020,2025,0.0,25.61,0.59,15.01,,,8,117,0.0,3545.984880588538,138.46094809014207
497,CN,Beijing,Line 13B,2019,2022,0.0,32.2,0.3198757763975155,10.3,12.11,10.108,15,,0.0,3188.5083154382623,99.02199737385907
498,CN,Changsha,Line 5 North Extension,2019,2022,0.0,3.65,0.4849315068,1.77,0,0,2,,0.0,372.26427247878587,101.99021163802354
499,CN,Beijing,Line 8 Northern Extension,2011,2013,0.0,6.328,0.7345132743,4.648,1.7091,0,3,,0.0,1098.9485720839873,173.66443933059216
500,CN,Shanghai,Line 8 Phase 3 (Pujiang Line),2016,2018,0.0,6.689,0,0,6.65,0.04,6,,0.0,937.0842429867901,140.09332381324415
501,CN,Kunming,Line 1 Southern Extension,2013,2015,0.0,7.3,0.8813895487,6.4341437055099995,,,3,,0.0,760.5252040076067,104.18153479556258
503,CN,Beijing,Capital Airport Express,2005,2008,0.0,28.1,0,0,17.315,10.785,4,,0.0,303.8351646129032,10.812639310067729
508,CN,Wenzhou,M1,2022,2027,0.0,32.5,1,32.5,,,23,117,0.0,6214.0,191.2
510,CN,Lanzhou,Line 2 Phase 1,2021,2026,0.0,9.6,1,9.6,,,9,138,0.0,2141.44,223.0666666666667
511,CN,Lanzhou,Line 1 Phase 1,2014,2019,0.0,25.9,1,25.9,,,20,138,0.0,4998.693099582643,192.99973357461946
512,CN,Dongguan,Line 1 Phase 1,2021,2026,0.0,57.46,0.86,49.4,,,25,117,0.0,9579.651248978123,166.7186085795009
513,CN,Dongguan,Line 1 Phase 2,2023,2028,0.0,10.9,0.34862385321100914,3.8,0,0,4,,0.0,1527.4064754729968,140.12903444706393
514,CN,Dongguan,Line 1 Phase 3,2021,2026,0.0,51.5,1,51.5,,,20,117,0.0,9284.764680881022,180.28669283264122
515,CN,Dongguan,Line 1 Feeder Phase 1,2022,2027,0.0,25.56,1,25.56,0,0,10,,0.0,4414.217326887196,172.70020840716728
516,CN,Dongguan,Line 2 Phase 3,2022,2027,0.0,17.5,0.96,16.8,,,9,117,0.0,3705.6318950781706,211.7503940044669
517,CN,Dongguan,Line 3 Phase 1,2023,2028,0.0,50.14,1,50.14,0,0,18,,0.0,8117.074412513641,161.88820128667015
518,CN,Dongguan,Line 3 feeder,2024,2028,0.0,1.8,1,1.8,0,0,1,,0.0,327.17525989900525,181.76403327722514
519,SA,Riyadh,Blue,2015,2016,0.0,38,0.4263157894736842,16.2,0,0,22,,0.0,13889.508318702596,365.513376807963
520,SA,Riyadh,Red,2014,2020,0.0,25.3,0,0,0,0,13,,0.0,6096.903514382484,240.98432863171874
521,SA,Riyadh,Orange,2014,2017,0.0,40.7,0.14004914004914004,5.7,0,0,20,,0.0,10589.135895465688,260.17532912692104
522,SA,Riyadh,Yellow,2014,2020,0.0,29.6,0,0,0,0,8,,0.0,4805.545478350084,162.349509403719
523,SA,Riyadh,Green,2015,2016,0.0,12.9,0.9302325581395349,12,0,0,11,,0.0,4699.696459003165,364.31755496148565
524,SA,Riyadh,Purple,2014,2019,0.0,29.9,0,0,0,0,6,,0.0,7049.544688504748,235.77072536805176
525,SA,Jeddah,Jeddah Metro,2014,2025,0.0,161.1,0.12414649286157667,20,0,0,81,,0.0,19686.78786753693,122.20228347322738
527,SA,Ad Dammam,Dammam Metro (a-Sharqiya),2014,2019,0.0,50,0,0,0,0,23.741935483870968,,0.0,32269.45812084969,645.3891624169938
528,QA,Doha,Doha Metro,2013,2026,0.0,124,0.8991935483870968,111.5,0,0,37.0,,0.0,104685.84331013881,844.240671855958
529,BH,Bahrain,Phase 1 (Red & Blue),2018,2023,1.0,28.6,0,0,0,0,20,,0.0,2400.6659313063988,83.93936822749644
530,BH,Bahrain,Phase 2,2020,2025,1.0,72.7,0,0,0,0,28.706811451135238,,0.0,9319.968265032836,128.19763775836086
531,AE,Dubai,Phase 1 - Red Line,2005,2010,0.0,35,0.13428571428571429,4.7,0,0,29,,0.0,10489.161290322581,299.69032258064516
532,AE,Dubai,Phase 2 - Green Line,2006,2010,0.0,22.5,0.35111111111111115,7.9,0,0,20,,0.0,9193.625000000002,408.6055555555556
533,AE,Dubai,Phase 3 (Red Line Extension/Route 2020),2016,2020,0.0,15,0.21333333333333335,3.2,0,0,7,,0.0,6220.838142220852,414.7225428147235
534,EG,Cairo,Line 1,1982,1987,1.0,44,0.1431818181818182,6.3,0,0,35,,0.0,5802.240536971832,131.86910311299616
535,EG,Cairo,Line 2,1993,2005,0.0,22,0.4318181818181818,9.5,0,0,20,,0.0,13458.31541218638,611.7416096448355
537,EG,Cairo,Line 3 Phase 1,2006,2012,0.0,4.3,1,4.3,0,0,5,,0.0,3789.136605806924,881.1945594899825
541,EG,Cairo,Line 4 (4 Phases),2019,2027,0.0,19,0.5568452380952381,10.580059523809524,,,17,,0.0,13736.260693037937,722.9610891072598
543,EG,Cairo,Line 6,2017,2025,0.0,21,0.6523809523809524,13.7,0,0,24,,0.0,13707.686031331594,652.746953872933
544,KW,Kuwait City,Kuwait Metro,2020,2025,0.0,160,0.35,56,0,0,68,,0.0,31828.19895599492,198.92624347496826
545,CN,Shanghai,Line 15,2016,2021,0.0,42.3,1,42.3,,,30,138,0.0,12028.294462424263,284.35684308331594
546,CN,Shanghai,Line 14,2014,2021,0.0,38.15,1,38.15,,,31,184,0.0,13879.447,363.81250327654
547,CN,Shanghai,Line 16,2010,2014,0.0,58.96,0.23219131614654,13.69,45.3992,0,33.63905920054734,,0.0,6770.024947719851,114.82403235617116
553,CN,Shenzhen,Line 7,2011,2016,0.0,30.2,1,30.2,0,0,28,,0.0,8534.394731903314,282.5958520497786
557,CN,Shenzhen,Line 8 Phase 2,2019,2024,0.0,8.023,1,8.023,,,4,138,0.0,1509.524,188.1495699862894
558,CN,Guangzhou,Line 13 Phase 1,2013,2017,0.0,27.03,1,27.03,0,0,11,,0.0,6045.460890979883,223.6574506466845
559,CN,Guiyang,Line 1 Phase 1,2013,2017,0.0,34.3,0.8454810495626823,29,5.14,0.348,25,,0.0,7221.111411747441,210.52802949700995
560,CN,Wuhan,Line 4 Phase 1,2009,2014,0.0,15.4,1,15.4,0,0,15,,0.0,3763.623085994491,244.39110948016173
561,CN,Chengdu,Line 8 Phase 1,2021,2026,0.0,29.1,1,29.1,,,25,138,0.0,5992.831649514779,205.93923194208864
562,CN,Chengdu,Line 9 Phase 1,2016,2020,0.0,22.2,1,22.2,0,0,13,,0.0,5350.960021650249,241.03423520947064
563,CN,Chengdu,Line 10 Phase 2,2016,2020,0.0,26.7,0.3895131086142322,10.4,16.554,0,9,138,0.0,3728.162975746541,139.63157212533864
564,TR,Istanbul,M3 Phase 2,2015,2023,0.0,8.9,1,8.4,0,0,8,180,0.0,1058.8367617550077,118.97042266910198
565,TR,Istanbul,M8,2016,2022,0.0,14.3,1,14.3,0,0,11,100,0.0,2019.103134277567,141.19602337605363
566,TR,Istanbul,M5 Phase 2-M13,2016,2027,0.0,17.8,1,17.8,0,0,13,140,0.0,2089.056313732853,117.36271425465466
567,TR,Istanbul,M12 ,2017,2023,0.0,13,1,13,0,0,11,100,0.0,2411.614259053905,185.50878915799268
568,TR,Istanbul,M11 Phase 1,2016,2022,0.0,37.5,1,37.5,0,0,9,180,0.0,3593.0496720214974,95.81465792057327
569,TR,Istanbul,M11 Phase 2,2018,2022,0.0,32,1,32,0,0,7,180,0.0,3164.8118356638633,98.90036986449573
570,UZ,Tashkent,Sergeli Line,2017,2020,0.0,6.94,0,0,6.94,0,6,,0.0,767.241335366995,110.55350653703098
571,UZ,Tashkent,Yunusabad Line extension,2017,2020,0.0,2.9,1,2.9,0,0,2,,0.0,673.359484203945,232.19292558756726
572,AT,Vienna,Lainz Tunnel,1999,2012,1.0,12.8,1,12.8,0,0,0,,0.0,2254.614695340502,176.1417730734767
573,BR,Rio de Janeiro,Line 4,2010,2016,0.0,16,0.96,15.4,0,0,7,,0.0,7068.620775507928,441.7887984692455
574,BR,Salvador,SkyRail Bahia,2020,2022,0.0,23.3,0,0,0,0,26,,0.0,1584.6999999999998,68.01287553648068
575,BR,Sao Paulo,Line 17,2012,2021,0.0,7.7,0,0,0,0,8,,0.0,3375.7361243630394,438.4072888783168
576,CA,Calgary,Green Line stage 1,2021,2027,0.0,20,0.2,4,0,0,15,,1.0,4620.0,231.0
577,CA,Vancouver,Millennium Line Phase 1,1998,2002,0.0,19.9,0,0,0,0,13,,1.0,1529.5170731707321,76.86015443069006
578,CA,Vancouver,Canada Line,2005,2009,0.0,18.4,0.49,9.1,0,0,16,,1.0,2196.856256812416,119.3943617832835
579,CA,Vancouver,Evergreen Line,2012,2016,0.0,10.9,0.18,2,0,0,6,,1.0,1325.7998403284676,121.63301287417133
580,DE,Hamburg,U5-East,2021,2030,0.0,5.8,0.93,5.4,0,0,5,,0.0,2275.0,392.2413793103448
581,FR,Rennes,Line B,2014,2021,0.0,14,0.79,11,0,0,15,,0.0,1826.5617071917352,130.46869337083822
582,HK,Hong Kong,Tung Chung Line extension,2023,2029,0.0,1.8,1,1.8,0,0,1,,0.0,3559.5613269612977,1977.534070534054
583,HK,Hong Kong,West Island Line,2009,2016,0.0,3,1,3,0,0,3,,0.0,4004.3472956610376,1334.7824318870125
584,HK,Hong Kong,Airport Railway,1994,1998,0.0,34,0.2353,8,6,20,9,200,0.0,10986.2878138942,323.1261121733588
585,HK,Hong Kong,Quarry Bay Congestion Relief Works (Kwung Tung Extension),1997,2001,0.0,2.1,1,2.1,0,0,0,,0.0,919.1673235294119,437.6987254901961
586,HK,Hong Kong,Tseung Kwan O Extension,1999,2002,0.0,4,1,4,0,0,5,200,0.0,4748.426666666667,1187.1066666666668
587,HK,Hong Kong,Penny's Bay Rail Link (Disneyland Resort Line),2001,2005,0.0,3.5,0.25,0.875,0,2.625,2,,0.0,622.9364673913044,177.98184782608698
588,HK,Hong Kong,South Island Line (East),2011,2016,0.0,7,0.71,5,2,0,5,,0.0,3544.278806389162,506.32554376988037
589,HK,Hong Kong,Kwun Tong Line extension,2011,2016,0.0,2.6,1,2.6,0,0,2,,0.0,1509.988603905442,580.7648476559392
590,HK,Hong Kong,Tuen Mun South Extension,2023,2030,0.0,2.4,0,0,0,0,2,,0.0,2235.170671302059,931.3211130425245
591,HK,Hong Kong,Sha Tin-Central Link,2012,2022,1.0,17,0.88,15,0,0,9,,0.0,16058.68684073107,944.628637690063
592,HK,Hong Kong,Modified Initial System,1975,1980,0.0,15.6,0.821,12.8,2.8,0,15,200,0.0,23080.74570747525,1479.5349812484135
593,HK,Hong Kong,Tsuen Wan Extension,1978,1982,0.0,10.5,0.8,8.4,2,0.1,10,200,0.0,7963.065105582526,758.3871529126214
594,HK,Hong Kong,Island Line,1981,1986,0.0,12.5,0.84,10.5,2,0,14,200,0.0,11678.49032421687,934.2792259373496
595,HK,Hong Kong,Eastern Harbour Crossing,1986,1989,0.0,4.6,1,4.6,0,0,1,200,0.0,1127.071091408451,245.01545465401108
596,IN,Delhi,Noida Metro,2015,2019,0.0,29.7,0,0,0,0,21,,0.0,2260.9722650130548,76.12701229000186
597,IN,Jaipur,Phase 1,2011,2020,0.0,12.1,0.23,2.8,0,0,11,,0.0,2427.7786386531466,200.64286269860716
598,IN,Lucknow,Line 1,2014,2019,0.0,22.9,0.15,3.4,0,0,22,,0.0,3910.8862658172475,170.78105964267456
599,IT,Brescia,Metro,2003,2013,0.0,13.7,0.71,9.7,0,0,17,40,0.0,1171.4601097058567,85.50803720480707
603,IT,Naples,Line 1 - city center,1999,2021,0.0,4.3,1,4.3,0,0,5,110,0.0,2512.044011096606,584.1962816503734
604,IT,Naples,Line 1 airport extension,2014,2024,0.0,3.5,1,3.5,0,0,4,110,0.0,898.3684076712157,256.67668790606166
605,IT,Naples,Line 6 (Mostra-Municipio),2002,2021,0.0,3.3,1,3.3,0,0,4,80,0.0,1237.1629197249033,374.89785446209197
606,IT,Turin,Line 2 -phase 1-2,2024,2030,0.0,9.4,1,9.4,0,0,13,60,0.0,2488.0438157574454,264.6855123146218
607,JP,Osaka,Hanshin Namba Line,2003,2009,1.0,3.8,1,3.8,0,0,3,,0.0,1370.979166666667,360.78399122807025
608,RS,Belgrade,Metro Line 1,2021,2026,0.0,22,1,22,0,0,24,,0.0,5490.0,249.54545454545453
609,RS,Belgrade,Metro Line 2,2021,2026,0.0,20,1,20,0,0,21,,0.0,6710.0,335.5
610,SE,Gothenburg,West Link,2018,2026,1.0,8,0.75,6,0,0,3,,0.0,2829.2219990025033,353.6527498753129
611,TW,Taipei,"System to 2012, ex-Neihu",1988,2012,0.0,93.90000000000002,0.65,60.89999999999999,0,0,92,,0.0,58228.32221073172,620.1099276968233
612,TW,Taipei,Neihu Line,2002,2009,0.0,14.8,0.26,3.8,0,0,12,,0.0,5869.78127655914,396.6068430107527
613,TW,Taipei,Xinyi Line,2002,2013,0.0,6.5,1,6.5,0,0,7,,0.0,3384.282547674856,520.6588534884394
614,TW,Taipei,Xinyi Line East Extension,2016,2022,0.0,1.4,1,1.4,0,0,1,,0.0,633.3942430678604,452.42445933418605
615,US,Honolulu,HART,2011,2026,0.0,32,0,0,0,0,21,,1.0,12270.465857184388,383.45205803701214
616,US,Los Angeles,Crenshaw/LAX Line,2014,2021,0.0,13.7,0.34,4.7,0,0,9,,1.0,2321.46295691906,169.44985087000438
617,US,Miami,Metrorail extension to MIA,2009,2012,0.0,3.9,0,0,3.9,0,1,,1.0,628.787192280882,161.22748520022614
618,US,Seattle,West Seattle and Ballard,2026,2036,0.0,19,0.32,6,0,0,13,,1.0,12920.783003813596,680.0412107270314
619,US,Washington,Silver Line Phase 1,2009,2014,0.0,18.8,0.04,0.7,0,0,5,,1.0,3592.229626698794,191.07604397334012
620,US,Washington,Silver Line Phase 2,2013,2022,0.0,18.3,0,0,0,0,6,,1.0,3371.648580287206,184.24309181897303
621,TR,Adana,First stage,1996,2010,0.0,13.9,0.25,3.5,0,0,13,,0.0,1435.4958333333336,103.2730815347722
622,TR,Istanbul,M6,2013,2015,0.0,3.3,1,3.3,0,0,4,90,0.0,285.2363983509057,86.43527222754719
623,TR,Istanbul,M3 Phase 3,2017,2022,0.0,6.2,1,6.2,0,0,4,180,0.0,711.391656073351,114.74058968925016
624,TR,Istanbul,M7 Phase 3,2017,2027,0.0,18.5,0.972972972972973,18,0,0,11,180,0.0,3096.7476509885596,167.3917649183005
625,TR,Istanbul,M9,2016,2023,0.0,13.4,1,13.4,0,0,12,90,0.0,1336.0619397939038,99.70611490999282
626,TR,Istanbul,M1A-M1B (LR),1987,2014,0.0,26.6,0.3646616541353383,9.7,0,0,23,100-140,0.0,3053.369268292684,114.7883183568678
627,DE,Munich,Second Trunk Line,2016,2028,1.0,7.2,1,7.2,0,0,3,210,0.0,5440.266315960297,755.5925438833747
628,TR,Istanbul,M1B,2017,2027,0.0,9.7,0.95,9.3,0,0,10,125,0.0,2715.657317501961,279.9646719074187
629,TR,Istanbul,M4 P4-M10,2017,2024,0.0,14,1,14,0,0,8,180,0.0,1188.5319557514947,84.89513969653534
630,PL,Łódź,Cross-City Line,2018,2023,1.0,5.25,1,5.25,0,0,2,,0.0,1033.7463987233932,196.90407594731298
631,FR,Paris,RER D Gare de Lyon-Les Halles,1991,1995,1.0,2.5,1,2.5,0,0,0,,0.0,590.9060461956523,236.3624184782609
632,TW,Taipei,Keelung MRT,2023,2032,0.0,16,0.1,1.6,12.8,1.6,13,,0.0,2822.0,176.375
633,CZ,Prague,Line C to Letnany,2004,2008,0.0,4.6,1,4.6,0,0,3,97,0.0,1391.1406250000002,302.4218750000001
634,CZ,Prague,Line D,2021,2029,0.0,10.5,0.9,9.5,1,0,10,97,0.0,5664.8,539.504761904762
635,DE,Munich,U3 to Moosach,2004,2010,0.0,1.7,1,1.7,0,0,2,120,0.0,294.0467922562722,172.96870132721895
636,DE,Munich,U5 to Pasing,2022,2029,0.0,3.8,1,3.8,0,0,3,120,0.0,1333.8000000000002,351.00000000000006
637,IT,Catania,Galatea-Stesicoro,2001,2016,0.0,1.9,1,1.9,0,0,2,80,0.0,130.41362143610027,68.6387481242633
638,IT,Catania,Borgo-Nesima,2007,2017,0.0,3.1,1,3.1,0,0,4,80,0.0,159.56490152181684,51.472548878005426
639,IT,Catania,Nesima-Monte Po,2015,2022,0.0,1.7,1,1.7,0,0,2,80,0.0,130.46340006451436,76.74317650853786
640,IT,Catania,Stesicoro-Aeroporto,2017,2025,0.0,6.4,1,6.4,0,0,8,80,0.0,570.2901306358696,89.10783291185462
641,IT,Catania,Monte-Po- MisterbiancoCentro,2019,2024,0.0,2.1,1,2.1,0,0,2,80,0.0,161.20000000000002,76.76190476190477
642,IT,Catania,Misterbianco Centro-Paterno',2022,2026,0.0,11.5,0.52,6,0,5.5,5,80,0.0,561.6,48.834782608695654
643,IT,Genova,Principe - De Ferrari,1998,2006,0.0,2.5,1,2.5,0,0,4,80,0.0,415.1157976653697,166.0463190661479
644,IT,Genova,De Ferrari - Brignole,2006,2012,0.0,1.5,0.87,1.3,0,0.2,1,80,0.0,328.3918391699334,218.9278927799556
645,IT,Genova,Brin-Canepari + Brignole Martinez,2020,2023,0.0,1.5,0,0,0.3,1.2,2,80,0.0,81.9,54.6
646,IT,Milan,M5 (Bignami Moza),2022,2029,0.0,12.6,1,12.6,0,0,12,50,0.0,1625.0,128.96825396825398
647,IT,Milan,M1 (Bisceglie - Baggio),2022,2027,0.0,3.3,1,3.3,0,0,3,110,0.0,514.8000000000001,156.00000000000003
648,IT,Milan,M1 (Sesto FS - Monza Bettola),2010,2022,0.0,1.9,1,1.9,0,0,2,110,0.0,212.53042186847358,111.85811677288085
649,IT,Milan,M2 (Famagosta-Assago),2001,2011,0.0,4.8,0,0,0,4.8,2,110,0.0,126.25842293906811,26.303838112305858
650,IT,Milan,M3 (Maciachini-Comasina),2001,2011,0.0,3.9,1,3.9,0,0,4,110,0.0,481.5856989247312,123.48351254480289
651,IT,Milan,M1 (Molino Dorino-Rho MilanoFiera),2003,2005,0.0,2.1,1,2.1,0,0,2,110,0.0,177.15614081524618,84.36006705487912
652,IT,Naples,Line 1 (Piscinola - Dante),1986,2003,0.0,13.7,0.7,9.6,4.1,0,14,110,0.0,3972.706304514156,289.97856237329603
653,IT,Naples,MCNE (Piscinola- Aversa),2001,2009,0.0,10.6,1,10.6,0,0,5,110,0.0,1102.0556630824374,103.9675153851356
654,IT,Naples,Line 1/MCNE (Piscinola-Secondigliano),1999,2023,0.0,3.3,1,3.3,0,0,4,110,0.0,631.6453158821587,191.40767147944203
655,CA,Edmonton,Valley Line Southeast,2016,2023,0.0,13.1,0.03,0.4,,,12,125,1.0,1530.0668160856148,116.79899359432174
657,CN,Changzhou,Line 1 Phase 1,2019,2024,0.0,34.237,0.92,31.635,,,29,117,0.0,5567.983,162.63057510880043
658,CN,Changzhou,Line 2 Phase 1,2021,2026,0.0,19.79,1,19.79,,,15,117,0.0,3552.4959999999996,179.50965133906013
659,CN,Foshan,Guangfo Line,2007,2011,0.0,32.16,1,32.16,,,21,78,0.0,5813.196126122767,180.7585860112801
660,CN,Foshan,Line 11,2021,2026,0.0,36.4,0.66,24,,,18,117,0.0,6228.34,171.10824175824177
661,CN,Guilin,Line 1,2020,2025,0.0,29.27,0.06,1.9,,,13,,0.0,2076.6444516268634,70.94788013757646
662,CN,Harbin,Line 2 Phase 2 North and South Ext,2016,2021,0.0,14.1,1,14.1,,,11,117,0.0,2479.585439174691,175.85712334572278
663,CN,Harbin,Line 1 Phase 4,2016,2021,0.0,2.6,1,2.6,,,2,117,0.0,495.91708783493823,190.7373414749762
664,CN,Harbin,Line 2 Phase 1,2021,2026,0.0,28.7,1,28.7,,,19,117,0.0,4896.632,170.61435540069687
665,CN,Harbin,Line 3 Phase 2,2021,2026,0.0,32.18,1,32.2,,,31,117,0.0,6381.3,198.30018645121194
666,CN,Harbin,Line 4 Phase 1,2016,2021,0.0,32.2,1,32.2,,,27,,0.0,6733.137146833218,209.10363810041048
667,CN,Harbin,Line 5 Phase 1,2016,2021,0.0,36.1,1,36.1,,,25,,0.0,6299.563921468958,174.50315571936173
668,CN,Harbin,Line 1 Phase 1,2005,2010,0.0,14.4,1,14.4,,,16,117,0.0,2876.583111111111,199.7627160493827
669,KR,Incheon,Line 2 Goyang Extension Project,2020,2027,0.0,18.5,0.7835,14.49475,,,9.491350457729808,,0.0,2217.234003732454,119.85048668824074
670,KR,Incheon,Line 2,2009,2016,0.0,29.1,0.7835,22.8,,,27,,0.0,3395.5104188262767,116.6842068325181
671,CN,Jiaxing,Hujia Regional Railway (Zhejiang section),2020,2025,1.0,35.01,0,0,,,8,184,0.0,4253.880669677874,121.5047320673486
672,IN,Kanpur,Line 1 and 2,2019,2022,0.0,32.385,0.399,12.921,19.464,,31,,0.0,4785.048000000001,147.75507179249655
676,CN,Putian,F2 Line,2020,2025,1.0,23.8,0.63,14.9,,,13.578860396421755,,0.0,3385.588556514214,142.25162002160562
677,CN,Shaoxing,Hangshao Line,2016,2021,0.0,20.3,0.49,9.87,,,10,117,0.0,3226.346626143622,158.93333133712423
678,CN,Shijiazhuang,Line 6 Phase 1,2020,2025,0.0,15.76,1,15.76,,,11,,0.0,2518.0471281746145,159.77456397047047
679,CN,Shijiazhuang,Line 4,2020,2025,0.0,24.4,1,24.4,,,21,,0.0,4304.176552889948,176.400678397129
680,IN,Surat,Line 1 and 2,2021,2023,0.0,40.35,0.1603,6.47,33.88,,38,,0.0,5192.7696000000005,128.6931747211896
681,CN,Wenzhou,S3 Phase 1,2022,2027,0.0,31.17,0.09,2.8,,,12,138,0.0,2925.3599999999997,93.85178055822905
682,CN,Wuxi,Line S1,2019,2023,0.0,30.4,0.35,10.5,,,9,117,0.0,3442.317,113.23411184210526
683,CN,Wuxi,Line 4 Phase 1,2021,2026,0.0,24.4,1,24.4,,,18,117,0.0,4378.0019999999995,179.42631147540982
684,CN,Wuxi,Line 2 Phase 1,2010,2014,0.0,26.3,0.75,19.6,,,20,117,0.0,5799.389886451739,220.50912115786076
685,CN,Wuxi,Line 1 South,2014,2019,0.0,5.187,1,5.187,,,3,117,0.0,655.3595414168201,126.34654741022172
686,CN,Wuxi,Wuxi-Yixing Intercity,2022,2027,0.0,30,0.8471428571428571,25.41428571428571,,,6,92,0.0,3756.124,125.20413333333333
687,CN,Wuxi,Line 1 Phase 1,2014,2019,0.0,29.4,0.83,24.4,,,24,117,0.0,5632.617641592323,191.58563406776608
688,CN,Wuxi,Line 3 Phase 1,2020,2025,0.0,28.5,1,28.5,,,21,117,0.0,5139.188305520245,180.32239668492088
690,CN,Zibo,Line 1,2020,2025,0.0,20.82,0.62,12.86,,,15,,0.0,3366.043225978417,161.67354591635046
691,CN,Foshan,Line 2 Phase 2,2021,2026,0.0,23.5,0.54,12.7,,,10,117,0.0,2922.4919999999997,124.36136170212765
692,CN,Foshan,Line 3 Phase 1,2016,2022,0.0,69.5,0.86,59.5,,,37,117,0.0,10739.017088990327,154.5182314962637
693,CN,Foshan,Line 2 Phase 1,2014,2021,0.0,32.41,0.78,25.3,,,17,117,0.0,5286.548547790385,163.1147345816225
694,CN,Foshan,Line 4 Phase 1,2021,2026,0.0,55.91,0.88,49.1,,,33,117,0.0,10659.639,190.65710964049364
695,CN,Dalian,Line 4,2010,2022,0.0,24.484,1,24.484,,,18,117,0.0,5162.355193765182,210.84607064879845
696,CN,Dalian,Line 1 Phase 3,2010,2021,0.0,13.2,0.14,1.8,,,3,117,0.0,2040.3445899494602,154.57155984465606
697,CN,Fuzhou,Line 1 South Extension,2015,2020,0.0,4.924,1,4.924,,,4,117,0.0,737.3189232876822,149.7398300746714
698,CN,Fuzhou,F1 Express Line,2021,2026,0.0,62.4,0.76,47.2,,,15,138,0.0,9533.71,152.7838141025641
699,CN,Fuzhou,Line 2 East Extension,2020,2025,0.0,16.88,1,16.88,,,12,117,0.0,3179.4004581721806,188.3531077116221
700,CN,Fuzhou,Line 1 Phase 1,2009,2017,0.0,24.6,1,24.6,,,21,117,0.0,5505.313345252559,223.79322541677067
701,CN,Hohhot,Line 2,2020,2025,0.0,27.3,1,27.3,,,24,117,0.0,5080.6348892435035,186.1038420968316
703,CN,Jinan,Line 3 Phase 1,2017,2022,0.0,21.57,1,21.6,,,13,117,0.0,3213.594,148.98442280945758
704,CN,Jinan,Line 2,2021,2026,0.0,36.39,0.95,34.6,,,18,117,0.0,5449.2,149.74443528441878
705,CN,Jinan,Line 4 Phase 1,2021,2026,0.0,40.3,1,40.3,,,33,138,0.0,9536.10000000004,236.62779156327645
706,CN,Luoyang,Line 2,2022,2027,0.0,18.216,1,18.216,,,15,117,0.0,3544.8981900000144,194.603545783927
707,CN,Ningbo,Ningbo-Fenghua Line,2014,2019,0.0,21.59,0.04,0.84,,,9,117,0.0,1863.1584191318836,86.29728666659952
708,CN,Ningbo,Line 3 Southern Extension,2020,2025,0.0,12.7,0.17,2.2,,,6,117,0.0,1301.1870283720555,102.45567152535871
709,CN,Ningbo,Line 4,2016,2021,0.0,35.95,0.68,24.45,,,25,117,0.0,4913.84,136.68539638386648
710,CN,Ningbo,2013-2020 Program,2013,2020,0.0,100.1,0.6483333333333334,64.89816666666667,,,57.11108931436208,117,0.0,16919.662178524803,169.027594191057
711,CN,Ningbo,Line 5 Phase 1,2021,2026,0.0,27.91,1,27.91,,,22,117,0.0,4756.1000000000195,170.40845575062772
712,CN,Ningbo,Line 3 Phase 2,2021,2026,0.0,9.05,1,9.05,,,5,117,0.0,1788.9150000000075,197.67016574585716
713,CN,Ningbo,Line 3 Phase 1,2014,2019,0.0,16.73,1,16.73,,,15,117,0.0,3751.037867924602,224.21027303793196
714,CN,Qingdao,Line 11,2013,2018,0.0,58.35,0.1,5.81,,,22,117,0.0,4987.068679885468,85.46818645904828
715,CN,Qingdao,Qingdao-Pingdu Intercity Rail,2015,2020,0.0,60,0.2,12,,,10,117,0.0,5195.489667324806,86.59149445541344
716,CN,Qingdao,Line 8 Branch,2021,2026,0.0,18.8,1,18.8,,,9,117,0.0,2746.5880000000116,146.09510638297934
717,CN,Qingdao,Line 8,2016,2021,0.0,61.4,0.8454545454545456,51.910909090909094,,,16,117,0.0,7671.9000000000315,124.94951140065199
718,CN,Qingdao,Line 6 Phase 2 South,2021,2026,0.0,13.85,1,13.85,,,10,117,0.0,1984.1780000000083,143.26194945848437
719,CN,Qingdao,Line 15,2021,2026,0.0,30.8,1,30.8,,,17,117,0.0,4655.242000000019,151.1442207792214
720,CN,Qingdao,Line 1 + Line 7 Phase 1,2016,2021,0.0,59.97,1,59.97,,,40,117,0.0,9557.610000000039,159.3731865932973
721,CN,Qingdao,Line 2,2019,2024,0.0,25,1,25,,,22,117,0.0,7410.456572861294,296.41826291445176
722,CN,Qingdao,Line 9,2021,2026,0.0,16.63,1,16.63,,,13,117,0.0,3009.0100000000125,180.93866506313967
723,CN,Qingdao,Line 3,2010,2015,0.0,25,1,25,,,22,117,0.0,6523.977785522985,260.9591114209194
724,CN,Qingdao,Line 2 Phase 2 East Section,2021,2026,0.0,8.89,1,8.89,,,8,117,0.0,1618.0300000000068,182.00562429696365
725,CN,Qingdao,Line 5,2021,2026,0.0,32.7,1,32.7,,,29,117,0.0,6221.1700000000255,190.249847094802
726,CN,Urumqi,Line 4 Phase 1,2018,2023,0.0,20.556,1,20.556,,,16,138,0.0,4293.226765601915,208.85516470139692
727,CN,Urumqi,Line 2,2016,2021,0.0,19.35,1.0,19.35,,,16,138,0.0,3886.1400000000162,200.8341085271326
728,CN,Urumqi,Line 1,2014,2019,0.0,27.615,1,27.615,,,21,138,0.0,5731.654455042429,207.55583758980367
729,CN,Nanchang,Line 1 North Extension,2021,2026,0.0,16.973,0.8,13.528,,,8,117,0.0,2471.4990000000103,145.61356271725742
730,CN,Nanchang,Phase 1 Expansion (Line 1 and 2),2009,2016,0.0,50.6,1,50.6,,,50,117,0.0,8713.4912726383,172.20338483474902
731,CN,Nanning,Wuming Line,2021,2026,0.0,53.2,0.2,10.6,,,13,117,0.0,3943.5000000000164,74.12593984962436
732,CN,Nanning,Airport Line,2021,2026,0.0,22.8,0.8857142857142858,20.194285714285716,,,5,,0.0,2019.5500000000084,88.57675438596527
733,CN,Nantong,Line 1,2019,2024,0.0,39.4,1,39.4,,,28,117,0.0,6786.174897303808,172.2379415559342
734,CN,Nantong,Line 2,2020,2025,0.0,20.85,1,20.85,,,17,117,0.0,3783.361431087551,181.4561837452063
735,KR,Seoul,Sinbundang Phase 3 Section 1,2022,2029,0.0,4.19,1,4.19,,,1,200,0.0,512.52,122.3198090692124
736,KR,Seoul,Sinbundang Phase 3 Section 2,2022,2029,0.0,3.59,1,3.59,,,2,200,0.0,427.31999999999994,119.03064066852366
737,KR,Seoul,Sinbundang Phase 3 Section 3,2022,2029,0.0,2.571,1,2.571,,,1,200,0.0,296.88,115.47257876312717
738,KR,Seoul,Sillim Light Metro,2017,2022,0.0,7.8,1,7.8,,,11,,0.0,865.2244610932304,110.92621296067055
739,KR,Seoul,Ui Light Metro,2009,2017,0.0,11.4,1,11.4,,,13,,0.0,1060.2349575243502,93.0030664495044
740,KR,Seoul,GTX A,2018,2025,1.0,83.1,1.0,83.1,,,42.63412016418092,,0.0,2328.0,28.014440433212997
741,KR,Seoul,Jinjeop Line,2014,2022,0.0,14.9,1,14.9,,,4,200,0.0,1510.742432508851,101.39210956435241
742,KR,Seoul,Sin Ansan Line,2019,2025,0.0,44.7,1,44.7,,,15,,0.0,3959.9999999999995,88.59060402684563
743,KR,Seoul,Line 5 Hanam Line,2014,2020,0.0,7.7,1,7.7,,,5,160,0.0,1084.4548384464752,140.83829070733444
745,KR,Seoul,Line 7 Extension 2,2022,2029,0.0,10.7,1.0,10.7,,,7,160,0.0,1888.6799999999998,176.51214953271028
746,KR,Seoul,Line 9 Phase 4,2021,2028,0.0,4.1,1,4.1,,,4,160,0.0,768.9599999999999,187.55121951219513
748,CN,Shaoxing,Line 1,2016,2021,0.0,31.3,1,31.3,,,23,117,0.0,6022.093276460257,192.39914621278774
749,CN,Shaoxing,Line 2,2022,2027,0.0,10.8,1,10.8,,,9,117,0.0,2421.07000000001,224.17314814814907
750,CN,Shenyang,Line 4 Phase 1,2017,2022,0.0,34.2,1,34.2,,,23,117,0.0,3975.0480000000166,116.229473684211
751,CN,Shijiazhuang,Line 1 Phase 2,2012,2021,0.0,12.7,1,12.7,,,7,138,0.0,2190.820003458233,172.5055120833254
752,CN,Shijiazhuang,Line 3 Phase 2,2012,2021,0.0,8.1,1,8.1,,,5,138,0.0,1548.6782200102498,191.19484197657405
753,CN,Shijiazhuang,First,2012,2020,0.0,59.6,1,59.6,,,52,138,0.0,11955.85253471774,200.6015525959352
754,CN,Taiyuan,Jinzhong-Taiyuan Intercity,2019,2024,0.0,19.86,0.05,0.991,,,12,78,0.0,2195.3787871249365,110.54273852592833
755,CN,Taiyuan,Line 3,2018,2023,0.0,30.523,1,30.523,,,25,138,0.0,6214.654816472659,203.60563563452672
756,CN,Taizhou,Line S2 South Segment,2021,2026,0.0,6,0,0,,,1,92,0.0,449.08100000000184,74.84683333333363
757,CN,Taizhou,Line S2 West Segment,2021,2026,0.0,11.75,0,0,,,3,92,0.0,955.044000000004,81.28034042553226
758,CN,Taizhou,Line S2,2021,2026,0.0,66.3,0.28,18.65,,,22,92,0.0,7361.200000000031,111.02865761689338
759,CN,Taizhou,Line S1,2022,2027,1.0,52.4,0.34,17.8,,,15,92,0.0,5075.643000000021,96.86341603053475
760,CN,Xuzhou,"First Phase Program (Lines 1, 2 and 3)",2013,2020,0.0,67,0.9,60.6,,,38.226203636985616,117,0.0,11711.66122813316,174.80091385273374
761,CN,Xuzhou,Line 1,2014,2019,0.0,21.967,0.96,20.996,,,18,117,0.0,4300.7223757343345,195.7810522936375
762,CN,Xuzhou,Line 2,2020,2025,0.0,24.15,1,24.15,,,20,117,0.0,4243.120853866336,175.69858608142178
763,CN,Xuzhou,Line 3,2021,2026,0.0,18.3,1,18.3,,,16,117,0.0,3232.7140000000136,176.65103825136686
764,CN,Zhengzhou,Line 2 Phase 1,2010,2016,0.0,18.27,1,18.27,,,16,117,0.0,3305.0297800881713,180.89927641424038
765,CN,Zhengzhou,Line 1 Phase 1,2009,2013,0.0,25.2,1,25.2,,,20,117,0.0,4904.4197917657675,194.6198330065781
766,CN,Zhengzhou,Zhengxu Regional Rail (Xucheng Section),2017,2022,1.0,33.78,0.12,4.016,,,11,117,0.0,2361.0810000000097,69.89582593250472
767,CN,Zhengzhou,Zhengxu Regional Rail (Zhengzhou Section),2020,2025,1.0,31.27,0.9,28.18,,,15,117,0.0,4470.828583831445,142.97501067577375
768,CN,Zhengzhou,Line 3 Phase 1,2017,2020,0.0,25.487,1,25.487,,,21,138,0.0,5198.47938010694,203.9659191002056
769,CN,Beijing,Yanfang Branch,2020,2025,0.0,6.015,0,0,,,3,117,0.0,1126.027236091202,187.20319802014998
770,CN,Beijing,Line 6 Phase 2,2011,2014,0.0,12.4,1,12.4,,,8,156,0.0,1905.2823482445265,153.6518022777844
771,CN,Beijing,Line 9,2007,2012,0.0,16.5,1,16.5,,,13,117,0.0,4809.103624756943,291.46082574284503
772,CN,Beijing,Line M101,2022,2027,0.0,19,1,19,,,14,138,0.0,4482.189270000019,235.90469842105364
773,CN,Changchun,New Beihu Line,2010,2019,0.0,13.4,0,0,,,13,55,0.0,1241.776727407739,92.66990503042828
774,CN,Changchun,Line 2 Western Extension,2015,2019,0.0,5.3,1,5.3,,,3,117,0.0,885.0853887891645,166.9972431677669
775,CN,Changchun,Line 2,2015,2020,0.0,22.8,1,22.8,,,19,117,0.0,3853.5154301787798,169.01383465696404
776,CN,Changchun,Line 1 South Extension,2010,2019,0.0,8,1,8,,,6,117,0.0,1628.1728112329497,203.5216014041187
777,CN,Changsha,First,2008,2015,0.0,45.92,0.97,44.61,,,32,117,0.0,7352.791969607221,160.1217763416207
778,CN,Changsha,Line 2 Phase 2,2011,2015,0.0,21.926,1,21.926,,,19,117,0.0,3778.8099906849775,172.34379233261777
779,CN,Changsha,Line 2 West Extension Phase 2,2021,2025,0.0,13.99,0.98,13.78,,,11,117,0.0,2949.738000000012,210.84617583988648
780,CN,Chengdu,Line S3,2021,2026,1.0,38.7,0.27,10.42,,,7,184,0.0,3083.8170000000127,79.68519379844993
781,CN,Chengdu,Line S5,2022,2027,1.0,59,0.17,9.85,,,13,184,0.0,5401.400000000022,91.54915254237326
782,CN,Chengdu,Line 10 Phase 1,2013,2020,0.0,10.9,1,10.9,,,5,138,0.0,1458.4093570496084,133.79902358253287
783,CN,Chengdu,Line 4 Phase 2,2013,2020,0.0,21.3,1,21.3,,,13,117,0.0,2700.1709472911225,126.76858907470059
784,CN,Chengdu,Line 18 Phase 1 and 2,2016,2019,0.0,58.6,0.65,37.9,,,13,184,0.0,8874.424779078241,151.4406958887072
785,CN,Chengdu,Line 5 Phase 1 and 2 (redesign),2015,2020,0.0,49,0.68,33.2,,,39,184,0.0,8306.666190906666,169.52379981442175
786,CN,Chengdu,Line 17 Phase 1,2021,2026,0.0,26.14,0.79,20.64,,,9,184,0.0,4099.089000000017,156.81289211935797
787,CN,Chengdu,Line 3 Phase 2,2013,2020,0.0,15,0.6,9,,,9,117,0.0,1857.3582934889032,123.82388623259355
788,CN,Chengdu,Line 3 Phase 3 (redesign),2015,2020,0.0,12.6,0.57,7.2,,,9,117,0.0,1840.5431779155083,146.07485539011972
789,CN,Chengdu,Line 7,2013,2020,0.0,38.6,1,38.6,,,31,138,0.0,7136.166074983681,184.87476878196063
790,CN,Chengdu,Line 1 Phase 3,2013,2020,0.0,13,0.43,5.6,,,10,117,0.0,1537.6707351501307,118.28236424231774
791,CN,Chongqing,Bishan-Tongliang Line,2020,2025,0.0,37.353,0.28,10.386,,,9,92,0.0,2162.4727498444818,57.89288008578914
792,CN,Chongqing,Jiangjin Line South Extension,2018,2023,0.0,4.6,0.8085139439,3.7191641419399994,,,2,117,0.0,895.1148912614942,194.59019375249875
793,CN,Chongqing,Jiangjin Line,2020,2025,0.0,28.22,0.21,5.8,,,7,117,0.0,1724.5732691423475,61.1117388073121
794,CN,Chongqing,Line 17 (redesign) Phase 1,2022,2026,0.0,14.18,1,14.18,,,9,117,0.0,2929.413440000012,206.58768970380905
795,CN,Chongqing,Line 18 Phase 2,2020,2025,0.0,10.61,1,10.61,,,8,117,0.0,2381.87400000001,224.49330819981245
796,CN,Chongqing,Line 6 East,2022,2027,0.0,6.7,0.8085139439,5.41704342413,,,3,117,0.0,1068.0910000000044,159.41656716417975
797,CN,Chongqing,Line 27,2021,2027,1.0,51.789,0.98,50.529,,,14,138,0.0,8266.293000000034,159.61484098939994
798,CN,Chongqing,Line 15 Phase 2,2021,2026,1.0,32.8,0.93,30.5,,,11,138,0.0,5415.501000000022,165.10673780487875
799,CN,Chongqing,Line 15 Phase 1,2021,2027,1.0,38.73,0.92,35.463,,,14,138,0.0,6548.122000000027,169.07105602891886
800,CN,Chongqing,Line 24 Phase 1,2021,2026,0.0,18.9,1,18.9,,,12,117,0.0,3671.996000000015,194.28550264550347
801,CN,Chongqing,Line 1 Phase 2,2007,2012,0.0,15.5,0.8085139439,12.53196613045,,,9,117,0.0,2182.0389122319643,140.77670401496545
802,CN,Chongqing,Line 1 Phase 1,2007,2012,0.0,16.5,0.8085139439,13.34048007435,,,14,117,0.0,3263.9193940446216,197.81329660876497
803,CN,Chongqing,Line 3,2007,2012,0.0,39.1,0.8085139439,31.612895206490002,,,29,120,0.0,6005.611685042105,153.59620677857046
804,CN,Chongqing,Line 2,2000,2005,0.0,19.15,0.8085139439,15.483042025684998,,,18,120,0.0,2483.262235772358,129.67426818654613
805,CN,Chongqing,Line 4 West extension,2021,2026,0.0,10.9,1,10.9,,,9,117,0.0,2534.1170000000106,232.48779816513857
806,CN,Fuzhou,Line 6 East Extension,2020,2025,0.0,5.29,1,5.29,,,6,117,0.0,1021.6820455467506,193.13460218275057
807,CN,Guangzhou,Line 14 Phase 1,2012,2018,0.0,54.4,0.4,21.9,,,13,117,0.0,5578.556590371155,102.5469961465286
808,CN,Guangzhou,Line 14 Branch,2012,2018,0.0,21.6,0.92,19.9,,,5,117,0.0,2301.2688900796147,106.54022639257477
809,CN,Guangzhou,Line 4 South Extension,2012,2018,0.0,12.5,0.96,12.01,,,6,68,0.0,2315.2558383964024,185.22046707171216
810,CN,Guangzhou,Line 21,2012,2018,0.0,61.6,0.69,42.5,,,14,117,0.0,8593.035961893029,139.497337043718
811,CN,Guangzhou,Line 3 Phase 1,2000,2005,0.0,35.86,1,35.86,,,18,117,0.0,8835.793536585366,246.39691959245306
812,CN,Guangzhou,Line 6 Phase 1,2006,2011,0.0,24.3,0.87,21.2,,,22,68,0.0,5408.137809375001,222.5571114969136
813,CN,Guangzhou,Line 6 Phase 3,2009,2014,0.0,17.6,1,17.6,,,10.04151020911861,102,0.0,2865.1581705719764,162.79307787340775
814,CN,Guangzhou,Line 9,2009,2014,0.0,18.3,1,18.3,,,10.44088845607219,117,0.0,3102.9871187720537,169.56213763781713
815,CN,Guangzhou,Line 7,2012,2017,0.0,17.6,1,17.6,,,10.04151020911861,117,0.0,3061.037836790161,173.92260436307728
816,CN,Guangzhou,Line 2 and 8 Extension,2007,2012,0.0,28.55,0.9388461538461539,26.804057692307694,,,22,138,0.0,6409.902500651098,224.51497375310325
817,CN,Guangzhou,Line 8 Eastern Extension,2021,2026,0.0,18,1,18,,,7,138,0.0,3961.6640000000166,220.09244444444536
818,CN,Guangzhou,Line 18 North,2021,2026,1.0,41.1,1,41.1,,,10,184,0.0,9113.070000000038,221.7291970802929
819,CN,Guangzhou,Line 11,2019,2024,0.0,44.2,1,44.2,,,32,184,0.0,11482.918277457686,259.79453116420103
820,CN,Guangzhou,Nansha-Zhuhai (Zhongshan) intercity or Line 18,2020,2025,1.0,79,1,79,,,45.072687870475576,184,0.0,12161.094149784982,153.93790063018963
821,CN,Guangzhou,Line 22 Northern Extension,2020,2025,1.0,39,1,39,,,22.25107375884237,184,0.0,8132.418927325348,208.52356223911147
822,CN,Guangzhou,Line 28,2020,2025,1.0,107,1,107,,,61.04781774861881,184,0.0,23846.75457766479,222.86686521182045
823,CN,Guiyang,Line 2 Phase 1,2016,2021,0.0,27.6,1,27.6,,,24,117,0.0,4650.701000000019,168.50365942029055
824,CN,Hangzhou,Hangzhou-Haining Line,2016,2021,0.0,48.18,0.31,14.81,,,12,78,0.0,3253.0290000000136,67.51824408468272
825,CN,Hangzhou,Hanglin Line (Hangzhou Section),2016,2020,0.0,14.26,0.3,4.32,,,6,78,0.0,1173.8792431115023,82.31972251833817
826,CN,Hangzhou,Hanglin Line (Lin'an Section),2016,2020,0.0,20.72,0.42,8.64,,,6,78,0.0,1723.7355334578488,83.1918693753788
827,CN,Hangzhou,Line 2 Phase 1 Xiaoshan section,2008,2013,0.0,18.2,1,18.2,,,13,117,0.0,4162.660413463817,228.71760513537455
828,CN,Hangzhou,K1 Airport Line,2019,2022,0.0,59.1316,0.79,46.5,,,15,138,0.0,10326.234000000042,174.6313984400903
829,CN,Hangzhou,Line 3 North Extension,2020,2022,0.0,4.7,1,4.7,,,4,117,0.0,2719.98134584697,578.7194352865894
830,CN,Hangzhou,Hangfu Line,2016,2021,0.0,23.508,1,23.508,,,11,117,0.0,3178.222000000013,135.19746469287108
831,CN,Hangzhou,Line 10 Phase 2,2022,2027,0.0,13.33,1,13.33,,,10,138,0.0,2511.4120000000103,188.4030007501883
832,CN,Hangzhou,Line 5 Phase 2 West,2020,2025,0.0,4.95,1,4.95,,,2,117,0.0,760.1934984989048,153.57444414119288
833,CN,Hangzhou,Line 2 Phase 1 (redesign),2017,2022,0.0,30.5,1,30.5,,,24,117,0.0,4698.3502892052875,154.04427177722252
834,CN,Hangzhou,Line 2 Phase 2,2014,2019,0.0,11.281,1,11.281,,,9,117,0.0,2405.2799658691542,213.2151374762126
835,CN,Hangzhou,Line 6 Phase 1,2016,2021,0.0,26.955,1,26.955,,,19,117,0.0,4261.370000000018,158.09200519384225
836,CN,Hangzhou,Line 5 Phase 1,2014,2020,0.0,51.6,1,51.6,,,36,117,0.0,9528.274466057443,184.656481900338
837,CN,Hangzhou,Line 4 Phase 1,2013,2018,0.0,20.8,1,20.8,,,18,117,0.0,4556.800282884826,219.07693667715506
838,CN,Hefei,Line 6 East Extension,2021,2026,0.0,10,1,10,,,4,117,0.0,1723.3221277689129,172.33221277689128
839,CN,Hefei,Hefei-Lu'an Regional Express Line,2018,2023,0.0,63.1,0.19,11.94,,,19,117,0.0,5552.56541530306,87.99628233443835
840,CN,Hefei,Line 1 South,2019,2024,0.0,4.54,1,4.54,,,3,117,0.0,1073.851257818092,236.53111405684848
841,CN,Hefei,Line 2 Western Extension,2021,2026,0.0,12.7,1,12.7,,,8,117,0.0,2142.635000000009,168.71141732283536
842,CN,Kunming,Line 3 Phase 1,2017,2022,0.0,19.5,0.8813895487,17.18709619965,,,11.125536879421185,117,0.0,3449.7193795283943,176.90868612966125
843,CN,Lanzhou,Line 4 Phase 1,2019,2024,0.0,26.8,0.6,16,,,11,,0.0,4303.98171503225,160.59633265045707
844,CN,Nanjing,Line S2 Nanjing-Ma'anshan Regional Rail (Anhui section),2021,2026,1.0,27.49,0,0,,,8,117,0.0,1514.5430000000063,55.0943252091672
845,CN,Nanjing,Line S8 Phase 2,2022,2027,0.0,24,0.7523695518714287,18.05686924491429,,,8,78,0.0,1632.3700000000067,68.01541666666695
846,CN,Nanjing,Line S8 Phase 2,2012,2014,0.0,45.2,0.27,12.2,,,17,78,0.0,3436.5810000000142,76.03055309734545
847,CN,Nanjing,Line S4 Nanjing-Chuzhou Phase 1 (Chuzhou Section),2018,2022,0.0,32.95,0,0,,,6,92,0.0,2984.8375550539376,90.58687572242602
848,CN,Nanjing,Line S4 Nanjing-Chuzhou Phase 2 (Chuzhou Section),2022,2027,0.0,13.28,0.7523695518714286,9.991467648852572,,,6,92,0.0,1056.3800000000044,79.54668674698829
849,CN,Nanjing,Line S4 Nanjing-Chuzhou Phase 2 (Nanjing Section),2021,2026,0.0,5.671,0.46,2.63,,,2,92,0.0,820.9650000000069,144.76547346147183
850,CN,Nanjing,Line S3 Nanjing-He County,2021,2026,0.0,42.4,0.7523695518714286,31.900468999348572,,,11,117,0.0,3580.22000000003,84.43915094339694
851,CN,Nanjing,Line S5 Nanjing-Yangzhou,2021,2026,0.0,53.75,0.57,30.66,,,16,138,0.0,6417.628000000053,119.39773023255913
852,CN,Nanjing,Line S2 Nanjing-Ma'anshan Regional Rail (Nanjing section),2021,2026,1.0,26.5,0.52,13.71,,,8,117,0.0,3512.822000000029,132.55932075471807
853,CN,Nanjing,Line 4 Phase 1,2004,2015,0.0,43.9,0.95,41.7,,,25.046721487517438,117,0.0,7482.0705231683605,170.43440827262782
854,CN,Nanjing,Line 2 Phase 1,2005,2010,0.0,21.63,0.88,19.11,,,18,138,0.0,5103.615197132616,235.9507719432555
855,CN,Nanjing,Line S6,2021,2026,0.0,26.313,0.62,16.26,,,13,117,0.0,4970.961000000041,188.91654315357584
856,CN,Nanning,Line 1 Phase 1,2011,2016,0.0,32.1,1,32.1,,,25,117,0.0,6028.423205596108,187.8013459687261
857,CN,Nanning,Line 2 Phase 1,2014,2017,0.0,21.2,1,21.2,,,18,117,0.0,4403.743739974251,207.72376131954016
858,CN,Shanghai,Line 12 West Extension,2022,2027,0.0,17.3,1,17.3,,,6,184,0.0,4213.570000000035,243.55895953757428
859,CN,Shanghai,Line 18,2016,2021,0.0,36.85,1,36.85,,,26,138,0.0,11587.856525813882,314.4601499542437
860,CN,Shenyang,Line 1 and 2 Phase 1,2005,2010,0.0,55.07,1,55.07,,,43,117,0.0,12055.764702508959,218.91710010003558
861,CN,Shenyang,Line 9 Phase 1,2012,2020,0.0,29.2,1,29.2,,,23,117,0.0,5092.643420275243,174.4055965847686
862,CN,Shenyang,Line 10 Phase 1,2012,2020,0.0,49.9,1,49.9,,,37,117,0.0,8419.255245472008,168.72255000945907
863,CN,Shenzhen,Shenhui Dapeng Branch ICR,2021,2026,1.0,39.4,1,39.4,,,6,184,0.0,5645.180000000047,143.2786802030469
864,CN,Shenzhen,Guangzhou-Dongguan-Shenzhen Regional Rail South Extension,2021,2026,1.0,15.15,1,15.15,,,3,184,0.0,2844.1000000000236,187.72937293729527
865,CN,Shenzhen,Shenhui Mainline ICR,2021,2026,1.0,58.738,1,58.738,,,11,184,0.0,12368.250000000104,210.56641356532575
866,CN,Shenzhen,Line 10,2015,2020,0.0,29.54,1,29.54,,,24,184,0.0,7365.261072411363,249.33178985820456
867,CN,Shenzhen,Line 3 Phase 3 North Ext,2011,2020,0.0,9.4,0,0,,,7,117,0.0,1926.9921127300456,204.99916092872823
868,CN,Shenzhen,Line 3 Phase 3 North Ext (Phase 4),2020,2022,0.0,9.35,0.79,7.42,,,7,117,0.0,2698.7119424985804,288.6322933153562
869,CN,Shenzhen,Line 5 West Extension,2019,2024,0.0,2.88,1,2.88,,,3,138,0.0,1021.6343890446965,354.73416286274187
870,CN,Shenzhen,Phase 1 Expansion (Line 1 and 4),1998,2004,0.0,21.446,1,21.446,,,19,138,0.0,6475.1272727272735,301.92703873576767
871,CN,Suzhou,Line 5,2020,2025,0.0,44.1,0.99,43.6,,,34,117,0.0,7083.461999837721,160.62272108475557
872,CN,Suzhou,Line 2,2009,2014,0.0,26.557,0.7,18.709,,,22,117,0.0,5173.585076265061,194.81059894811392
873,CN,Tianjin,Line 13 Phase 1,2020,2025,0.0,21.2,1,21.2,,,17,,0.0,5955.460462659239,280.9179463518509
874,CN,Wuhan,Line 11 Phase 3 Hanchang Section,2019,2024,0.0,4,1,4,,,2,184,0.0,1909.3710000000158,477.34275000000395
875,CN,Wuhan,Line 11 Phase 3 Hanyang Section,2019,2025,0.0,2.2,1,2.2,,,2,184,0.0,932.3390000000078,423.79045454545803
876,CN,Wuhan,Line 3 Phase 1,2012,2015,0.0,27.9,1,27.9,,,23,117,0.0,6522.5712289639105,233.78391501662762
877,CN,Wuhu,Line 1,2016,2021,0.0,30.517,0,0.1,,,25,90,0.0,2174.9000000000183,71.26847330995898
878,CN,Wuhu,Line 2,2016,2021,0.0,14.94,0.09,1.3,,,11,90,0.0,1322.387000000011,88.51318607764465
879,CN,Wuxi,Line 5 Phase 1,2022,2027,0.0,25.4,1,25.4,,,22,117,0.0,5824.191000000048,229.29885826771843
880,CN,Xi'an,Airport Line,2019,2024,0.0,29.28,0.28,8.14,,,10,117,0.0,3202.130107292192,109.36236705232896
881,CN,Xi'an,Line 5 Phase 2,2016,2021,0.0,19.87,0.16,3.2,,,13,117,0.0,2399.2011541244715,120.74489955332014
882,CN,Xi'an,Line 3,2012,2016,0.0,38.4,0.71,27.13,,,24,117,0.0,5489.518706914032,142.95621632588626
883,CN,Xi'an,Line 9,2016,2020,0.0,25.296,1,25.296,,,15,117,0.0,3551.8158885256084,140.41017902141084
884,CN,Xi'an,Line 6 Phase 1 and 2,2016,2022,0.0,39.8,1,39.8,,,32,117,0.0,7290.181195899193,183.1703818065124
885,CN,Xi'an,Line 4,2013,2018,0.0,33.3,1,33.3,,,28,117,0.0,5760.289511097594,172.98166699992777
886,CN,Xi'an,Line 5 Phase 1,2014,2020,0.0,25.7,0.95,24.3,,,20,117,0.0,4703.105971891318,183.000232369312
887,CN,Xi'an,Line 1 Phase 1,2008,2013,0.0,25.36,1,25.36,,,19,117,0.0,4283.709812969777,168.9160020887136
888,CN,Xi'an,Line 1 Phase 2,2016,2021,0.0,6.1,1,6.1,,,4,117,0.0,1048.5104142795838,171.8869531605875
889,CN,Xi'an,Line 2 Phase 1,2006,2011,0.0,26.76,1,26.76,,,21,117,0.0,5190.1963897602745,193.95352727056328
890,CN,Xiamen,Quanzhou-Xiamen-Zhangzhou Regional Rail R1 (Zhangzhou Section),2020,2025,0.0,45.8,0.8164548367500001,37.39363152315,,,9,,0.0,5477.49693289698,119.5960029016808
891,CN,Xiamen,Line 4 (Houxi to Xiang'an Airport),2022,2027,0.0,44.78,0.5,22.48,,,10,117,0.0,5491.742000000046,122.63827601607963
892,CN,Xiamen,Quanzhou-Xiamen-Zhangzhou Regional Rail R1 (Xiamen Section),2021,2026,1.0,51.2,0.81645483675,41.8024876416,,,4,,0.0,7246.4800000000605,141.53281250000117
893,CN,Xiamen,Line 3 Phase 1,2011,2020,0.0,18.6,0.81645483675,15.18605996355,,,16,117,0.0,3502.5915460799065,188.31137344515625
894,CN,Xiamen,Line 2 Phase 1,2015,2019,0.0,25.2,1,25.2,,,19,117,0.0,4655.284940437336,184.733529382434
895,CN,Xiamen,Line 1 Phase 1,2011,2020,0.0,31.5,0.84,26.36,,,23,117,0.0,5778.142526259652,183.43309607173498
896,CN,Xiamen,Line 9,2021,2026,0.0,44.2,1,44.2,,,24,117,0.0,9688.39558000008,219.19447013574842
897,CN,Xiamen,Quanzhou-Xiamen-Zhangzhou Regional Rail R1 (Quanzhou Section),2021,2026,1.0,70.2,0.81645483675,57.31512953985,,,11,,0.0,6835.400000000057,97.37037037037118
898,CN,Zhengzhou,Line 4,2014,2020,0.0,30.1,1,30.1,,,24,117,0.0,5028.870235884465,167.072100859949
899,CA,Vancouver,Expo Line Surrey-Langley extension,2022,2029,0.0,16,0,0,,,8,,1.0,3144.1200000000003,196.50750000000002
900,DR,Santo Domingo,Line 1,2005,2008,0.0,14.5,0.66,9.5,,,16,120,0.0,2080.1662216708337,143.45973942557475
901,DR,Santo Domingo,"Line 2a, 2b",2009,2018,0.0,16.5,1,16.5,,,18,120,0.0,2846.34160949328,172.50555209050182
902,DE,Nuremberg,U3 extension to Gebersdorf,2020,2026,0.0,2.1,1,2.1,,,2,90,0.0,192.4,91.61904761904762
903,SG,Singapore,Circle Line Stages 1-5,2002,2012,0.0,35.5,1,35.5,,,30,70,1.0,12127.796587280916,341.6280728811526
904,DE,Berlin,Extension to Rathaus Steglitz,1968,1974,0.0,1.5,1,1.5,,,2,100,0.0,307.95408,205.30272
905,DE,Berlin,Extension to Rathaus Spandau,1978,1984,0.0,4.9,1,4.9,,,5,100,0.0,1064.0626399999999,217.15564081632652
906,DE,Munich,S-Bahn Stammstrecke,1965,1971,1.0,11.4,0.36,4.1,,,5,200,0.0,2476.2852,217.218
907,US,Chicago,Orange Line,1987,1993,0.0,14.4,0,0,4,10.4,7,120,1.0,1036.6105585309872,71.98684434242966
908,US,Philadelphia,Center City Commuter Connection,1976,1984,1.0,2.9,0.69,2,,,1,350,1.0,1085.1953883495146,374.20530632741884
943,RO,Cluj-Napoca,Cluj-Napoca Line,2023,2031,0.0,21,1,21,,,19,,1.0,4446.0,211.71428571428572
