,id,length,cost/km (millions),cheap?,clength,ctunnel,anglo?,inflation index,real cost (2021 dollars)
0,9501.0,7.5,68.0,1.0,7.5,7.5,0.0,1.079101737506322,550.3418861282242
1,7136.0,5.7,417.05263157894734,0.0,0.0,0.0,1.0,1.079101737506322,2565.2406504000287
2,7137.0,8.6,301.3953488372093,0.0,0.0,0.0,1.0,1.16317603677932,3014.9522873319975
3,7138.0,7.8,592.3076923076924,0.0,0.0,0.0,1.0,1.079101737506322,4985.450027279208
4,7139.0,15.5,464.6012903225806,0.0,0.0,0.0,1.0,1.059896658413421,7632.655004165737
5,7144.0,7.4,635.6756756756756,0.0,0.0,0.0,1.0,1.0469802288156225,4924.994996348688
6,7145.0,9.7,415.46391752577324,0.0,0.0,0.0,0.0,1.2630455352689747,5090.073507133968
7,7146.0,5.8,651.7241379310345,0.0,0.0,0.0,1.0,1.079101737506322,4079.0045677738976
8,7147.0,5.1,344.3137254901961,0.0,0.0,0.0,1.0,1.1802137686524912,2072.4553777537744
9,7152.0,4.2,857.1428571428571,0.0,0.0,0.0,1.0,1.0,3600.0
10,7153.0,4.2,571.4285714285714,0.0,0.0,0.0,1.0,1.0,2400.0
11,7154.0,6.3,444.44444444444446,0.0,0.0,0.0,1.0,1.079101737506322,3021.484865017702
12,7155.0,3.1,566.4516129032257,0.0,0.0,0.0,1.0,1.079101737506322,1894.9026510611016
13,7160.0,2.7,618.5185185185185,0.0,0.0,0.0,1.0,1.144608340091917,1911.4959279535012
14,7161.0,7.6,301.1842105263158,0.0,0.0,0.0,1.0,1.0469802288156225,2396.53774375896
15,7162.0,12.5,139.44,0.0,0.0,0.0,1.0,1.1290087372451638,1967.8622290183205
16,7163.0,9.6,947.9166666666667,0.0,0.0,0.0,1.0,1.0,9100.0
17,7168.0,5.1,134.8686274509804,1.0,5.1,3.1,0.0,1.2426624353377114,854.7405028983379
18,7169.0,3.0,48.69333333333333,1.0,3.0,3.0,0.0,1.144608340091917,167.2043863206272
19,7170.0,17.0,185.92,1.0,17.0,15.3,0.0,1.2426624353377114,3927.608599625784
20,7171.0,1.3,53.630769230769225,1.0,1.3,1.3,0.0,1.144608340091917,79.80209347120845
21,7176.0,12.0,138.33333333333334,1.0,12.0,12.0,0.0,1.079101737506322,1791.3088842604948
22,7177.0,3.1,120.48387096774194,1.0,3.1,3.1,0.0,1.0,373.5
23,7178.0,6.5,505.5846153846154,0.0,0.0,0.0,0.0,1.1802137686524912,3878.5365079226817
24,7179.0,3.1,198.81290322580642,0.0,0.0,0.0,0.0,1.1054585509138382,681.3162140992166
25,7184.0,3.4,194.48470588235293,0.0,0.0,0.0,0.0,1.1054585509138382,730.9822558746736
26,7185.0,4.0,199.85,0.0,0.0,0.0,0.0,1.0469802288156225,836.9559949152086
27,7186.0,6.9,269.66840579710146,0.0,0.0,0.0,0.0,1.1290087372451638,2100.760105496923
28,7187.0,66.7,300.4497751124438,0.0,0.0,0.0,0.0,1.079101737506322,21625.198819626694
29,7193.0,2.5,180.4,0.0,0.0,0.0,0.0,1.1290087372451638,509.1829404975689
30,7194.0,5.0,303.4,0.0,0.0,0.0,0.0,1.1290087372451638,1712.7062544009136
31,7195.0,6.4,285.71875,0.0,0.0,0.0,0.0,1.1290087372451638,2064.505376926507
32,7200.0,11.6,141.49265172413794,0.0,0.0,0.0,0.0,1.079101737506322,1771.145609310772
33,7201.0,6.1,249.02295081967213,0.0,0.0,0.0,0.0,1.1802137686524912,1792.7919231338801
34,7202.0,7.4,483.76216216216216,0.0,0.0,0.0,0.0,1.2426624353377114,4448.532692519353
35,7203.0,27.0,128.55555555555554,0.0,0.0,0.0,0.0,1.1290087372451638,3918.789326977964
36,7208.0,13.2,107.76515151515152,1.0,13.2,13.2,0.0,1.3874551971326166,1973.655017921147
37,7209.0,1.9,129.31578947368422,1.0,1.9,1.9,0.0,1.1290087372451638,277.3974467411368
38,7210.0,3.4,130.0,1.0,3.4,3.4,0.0,1.0469802288156225,462.76526113650516
39,7211.0,13.5,112.76296296296296,1.0,13.5,13.5,0.0,1.16317603677932,1770.7028807891588
40,7212.0,7.0,223.52142857142857,1.0,7.0,7.0,0.0,1.079101737506322,1688.416533589267
41,7216.0,18.0,55.885555555555555,1.0,18.0,8.0,0.0,1.1802137686524912,1187.2242384382869
42,7217.0,4.1,155.52658536585366,1.0,4.1,4.1,0.0,1.1290087372451638,719.922582383014
43,7218.0,11.5,205.20800000000003,1.0,11.5,11.5,0.0,1.1290087372451638,2664.3386869549645
44,7219.0,3.3,181.00545454545454,1.0,3.3,3.3,0.0,1.1290087372451638,674.3772409138068
45,7224.0,7.4,255.4054054054054,1.0,7.4,6.0,0.0,1.3068746322500988,2469.9930549526866
46,7225.0,17.0,52.688235294117646,1.0,17.0,6.0,0.0,1.5300395256916999,1370.4564031620555
47,7226.0,3.2,551.25,0.0,0.0,0.0,1.0,1.1054585509138382,1950.0288838120105
48,7227.0,24.5,254.19510204081635,0.0,0.0,0.0,0.0,1.2426624353377114,7739.028261547493
49,7232.0,13.3,283.91278195488724,0.0,0.0,0.0,0.0,1.079101737506322,4074.731324893373
50,7233.0,6.1,108.26229508196721,1.0,6.1,6.1,0.0,1.2426624353377114,820.6542722970246
51,7234.0,6.5,150.20000000000002,1.0,6.5,6.5,0.0,1.1802137686524912,1152.242702335427
52,7235.0,15.2,145.1125,1.0,15.2,15.2,0.0,1.059896658413421,2337.824658429067
53,7240.0,200.0,234.65,0.0,0.0,0.0,0.0,1.1802137686524912,55387.43216286141
54,7241.0,7.8,152.5,1.0,7.8,7.8,0.0,1.727023581899299,2054.2945506692163
55,7242.0,12.5,362.88,0.0,0.0,0.0,0.0,1.1290087372451638,5121.183632144063
56,7243.0,11.5,214.25478260869565,0.0,0.0,0.0,0.0,1.143251327963817,2816.8912445098877
57,7248.0,17.3,87.84393063583813,1.0,17.3,17.3,0.0,1.5062256809338523,2289.011167315175
58,7249.0,12.8,104.15234374999999,1.0,12.8,12.8,0.0,1.3440972222222225,1791.8832118055557
59,7250.0,21.5,155.30232558139534,0.0,0.0,0.0,0.0,1.1054585509138382,3691.1261015013056
60,7251.0,3.6,346.6666666666667,0.0,0.0,0.0,0.0,1.2585519012740187,1570.6727727899754
61,7256.0,4.7,210.48936170212767,1.0,4.7,4.7,0.0,1.1802137686524912,1167.5854813279095
62,7257.0,2.8,185.25000000000003,1.0,2.8,2.8,0.0,1.2426624353377114,644.569005209671
63,7258.0,7.6,206.28947368421052,1.0,7.6,7.6,0.0,1.2426624353377114,1948.2461661224638
64,7259.0,2.7,414.5555555555555,1.0,2.7,2.7,0.0,1.079101737506322,1207.8385747908262
65,7264.0,1.8,231.11111111111111,0.0,0.0,0.0,0.0,1.3440972222222225,559.1444444444446
66,7265.0,2.2,310.2272727272727,0.0,0.0,0.0,0.0,1.143251327963817,780.2690313353052
67,7266.0,4.4,265.9090909090909,0.0,0.0,0.0,0.0,1.0,1170.0
68,7267.0,15.5,225.2516129032258,1.0,15.5,15.5,0.0,1.144608340091917,3996.2855585969187
69,7272.0,1.6,88.94375,1.0,1.6,1.6,0.0,1.144608340091917,162.8892128784807
70,7273.0,8.2,331.609756097561,1.0,8.2,8.2,0.0,1.0,2719.2
71,7274.0,30.0,356.5,0.0,0.0,0.0,1.0,1.0,10695.0
72,7275.0,36.0,149.5,0.0,0.0,0.0,1.0,1.1290087372451638,6076.325023853472
73,7280.0,9.0,964.8039999999999,0.0,0.0,0.0,1.0,1.0,8683.235999999999
74,7281.0,41.9,591.4081145584726,0.0,0.0,0.0,1.0,1.1802137686524912,29245.69718720873
75,7282.0,43.0,656.9767441860464,0.0,0.0,0.0,1.0,1.059896658413421,29942.080600179142
76,7283.0,19.0,231.52631578947367,0.0,0.0,0.0,1.0,1.1290087372451638,4966.5094351414755
77,7288.0,20.2,80.1980198019802,0.0,0.0,0.0,0.0,1.144608340091917,1854.2655109489053
78,7289.0,33.5,448.95522388059703,0.0,0.0,0.0,0.0,1.059896658413421,15940.845742537853
79,7290.0,18.6,165.41935483870967,0.0,0.0,0.0,0.0,1.079101737506322,3320.180225959452
80,7291.0,23.5,219.72,0.0,0.0,0.0,0.0,1.0469802288156225,5405.998653071161
81,7296.0,32.3,211.70371517027866,0.0,0.0,0.0,0.0,1.0469802288156225,7159.28221404809
82,7297.0,2.7,139.73333333333335,0.0,0.0,0.0,0.0,1.1054585509138382,417.0674020887729
83,7298.0,24.9,158.86566265060242,0.0,0.0,0.0,0.0,1.0469802288156225,4141.597275038543
84,7299.0,14.5,191.9655172413793,0.0,0.0,0.0,0.0,1.1290087372451638,3142.5958201219137
85,7304.0,16.5,180.59636363636363,0.0,0.0,0.0,0.0,1.079101737506322,3215.550521490839
86,7305.0,13.5,226.92296296296297,0.0,0.0,0.0,0.0,1.0469802288156225,3207.3820517675067
87,7306.0,9.2,199.35652173913044,0.0,0.0,0.0,0.0,1.079101737506322,1979.1589147255952
88,7307.0,12.8,265.6875,0.0,0.0,0.0,0.0,1.079101737506322,3669.8091889115003
89,7312.0,20.8,109.33846153846154,0.0,0.0,0.0,0.0,1.079101737506322,2454.136335506378
90,7313.0,12.8,134.875,1.0,12.8,12.8,0.0,1.0,1726.4
91,7314.0,7.6,126.92105263157896,1.0,7.6,7.6,0.0,1.1290087372451638,1089.041827946685
92,7315.0,9.5,152.1684210526316,1.0,9.5,9.5,0.0,1.144608340091917,1654.6458164368753
93,7320.0,4.8,153.5625,1.0,4.8,4.8,0.0,1.1054585509138382,814.8334978785902
94,7321.0,8.0,137.85625,1.0,8.0,8.0,0.0,1.16317603677932,1282.808692162073
95,7322.0,23.7,81.01890295358649,1.0,23.7,23.7,0.0,1.1290087372451638,2167.863868803827
96,7323.0,3.9,121.87435897435898,1.0,3.9,3.9,0.0,1.1054585509138382,525.4355038348564
97,7328.0,71.0,112.01718309859156,1.0,71.0,71.0,0.0,1.0,7953.22
98,7329.0,4.0,1370.1249999999998,0.0,0.0,0.0,1.0,1.0,5480.499999999999
99,7330.0,1.7,128.75,0.0,0.0,0.0,0.0,1.3440972222222225,294.18927951388895
100,7331.0,4.9,367.4489795918367,0.0,0.0,0.0,0.0,1.1054585509138382,1990.3781209203655
101,7336.0,16.0,306.25,0.0,0.0,0.0,1.0,1.727023581899299,8462.415551306565
102,7337.0,24.8,198.79032258064515,0.0,0.0,0.0,0.0,1.0,4930.0
103,7338.0,37.0,137.83783783783784,0.0,0.0,0.0,0.0,1.1290087372451638,5757.944559950335
104,7339.0,12.0,316.25000000000006,0.0,0.0,0.0,0.0,1.144608340091917,4343.788650648825
105,7344.0,33.0,90.18181818181819,0.0,0.0,0.0,0.0,1.1802137686524912,3512.3161755098135
106,7345.0,13.7,255.15766423357664,0.0,0.0,0.0,0.0,1.1802137686524912,4125.626062527767
107,7346.0,21.0,203.87142857142854,0.0,0.0,0.0,0.0,1.1054585509138382,4732.799694027414
108,7347.0,26.7,195.30187265917604,0.0,0.0,0.0,0.0,1.0469802288156225,5459.541221972792
109,7352.0,28.3,693.73851590106,0.0,0.0,0.0,0.0,1.0,19632.8
110,7353.0,22.8,167.17105263157893,0.0,0.0,0.0,0.0,1.079101737506322,4112.9962725053465
111,7354.0,11.0,604.5454545454545,0.0,0.0,0.0,0.0,1.0,6650.0
112,7355.0,15.6,209.07051282051282,0.0,0.0,0.0,0.0,1.0,3261.5
113,7360.0,4.2,99.04761904761904,0.0,0.0,0.0,0.0,1.1802137686524912,490.9689277594363
114,7361.0,4.7,165.95744680851064,0.0,0.0,0.0,0.0,1.143251327963817,891.7360358117772
115,7362.0,9.0,317.77777777777777,0.0,0.0,0.0,0.0,1.0,2860.0
116,7363.0,13.0,207.23999999999998,0.0,0.0,0.0,0.0,1.143251327963817,3080.0562676938785
117,7368.0,160.6,127.8922789539228,0.0,0.0,0.0,0.0,1.1290087372451638,23189.27495864704
118,7369.0,61.7,190.04644246353323,0.0,0.0,0.0,0.0,1.0,11725.8655
119,7370.0,42.3,239.29277777777781,0.0,0.0,0.0,0.0,1.0,10122.0845
120,7371.0,12.0,200.0,0.0,0.0,0.0,0.0,1.16317603677932,2791.622488270368
121,7376.0,31.0,185.80645161290323,0.0,0.0,0.0,0.0,1.1054585509138382,6367.441253263708
122,7377.0,27.0,213.33333333333334,0.0,0.0,0.0,0.0,1.1054585509138382,6367.441253263708
123,7378.0,56.0,35.245535714285715,1.0,56.0,38.0,0.0,1.688286604361371,3332.255685358256
124,7379.0,75.0,52.61666666666667,1.0,75.0,58.0,0.0,1.5300395256916999,6037.918478260871
125,7384.0,2.0,140.4,1.0,2.0,2.0,0.0,1.0,280.8
126,7385.0,6.0,66.73333333333333,1.0,6.0,2.8,0.0,1.0,400.40000000000003
127,7386.0,10.5,94.0952380952381,1.0,10.5,10.5,0.0,1.0,988.0
128,7387.0,4.6,89.0217391304348,1.0,4.6,4.6,0.0,1.2426624353377114,508.8702672707928
129,7392.0,3.0,82.76666666666667,1.0,3.0,3.0,0.0,1.1802137686524912,293.04707875641355
130,7393.0,22.9,166.76855895196508,0.0,0.0,0.0,0.0,1.1290087372451638,4311.68436753928
131,7394.0,7.5,91.66666666666667,1.0,7.5,7.5,0.0,1.3440972222222225,924.0668402777779
132,7395.0,9.2,164.56521739130437,0.0,0.0,0.0,0.0,1.4344626786659609,2171.776495500265
133,7400.0,5.5,147.27272727272728,0.0,0.0,0.0,1.0,1.66239263803681,1346.538036809816
134,7401.0,5.2,116.04807692307693,0.0,0.0,0.0,1.0,1.4344626786659609,865.6265034409741
135,7402.0,4.8,394.6854166666667,0.0,0.0,0.0,0.0,1.1290087372451638,2138.8957626235906
136,7403.0,3.4,355.2058823529412,0.0,0.0,0.0,0.0,1.1802137686524912,1425.3441684016136
137,7408.0,1.6,1500.0,0.0,0.0,0.0,1.0,1.2426624353377114,2982.3898448105074
138,7409.0,2.7,1704.074074074074,0.0,0.0,0.0,1.0,1.2046377017769263,5542.538065875638
139,7410.0,2.6,2672.6923076923076,0.0,0.0,0.0,1.0,1.0,6949.0
140,7411.0,2.8,3928.571428571429,0.0,0.0,0.0,1.0,1.143251327963817,12575.764607601986
141,7416.0,5.3,1792.4528301886794,0.0,0.0,0.0,1.0,1.0,9500.0
142,7417.0,21.0,888.5333333333332,0.0,0.0,0.0,1.0,1.143251327963817,21332.15517874245
143,7418.0,1.8,274.44444444444446,0.0,0.0,0.0,0.0,1.2046377017769263,595.0910246778016
144,7419.0,8.0,292.5,0.0,0.0,0.0,0.0,1.1802137686524912,2761.7002186468294
145,7424.0,1.5,160.59333333333333,0.0,0.0,0.0,0.0,1.2426624353377114,299.34495404850134
146,7425.0,1.3,79.8076923076923,0.0,0.0,0.0,0.0,1.3874551971326166,143.94847670250897
147,7426.0,1.9,103.94736842105263,0.0,0.0,0.0,0.0,1.3440972222222225,265.45920138888897
148,7427.0,1.5,255.66666666666666,0.0,0.0,0.0,0.0,1.2630455352689747,484.3779627756518
149,7432.0,6.3,223.6825396825397,0.0,0.0,0.0,0.0,1.144608340091917,1612.9820728575294
150,7433.0,24.0,196.53333333333333,0.0,0.0,0.0,0.0,1.079101737506322,5089.9070754698205
151,7434.0,38.6,138.860103626943,0.0,0.0,0.0,0.0,1.0469802288156225,5611.814026451736
152,7435.0,3.5,854.7608571428572,0.0,0.0,0.0,1.0,1.079101737506322,3228.308741333376
153,7440.0,3.9,108.76666666666668,0.0,0.0,0.0,0.0,1.2630455352689747,535.7712856057465
154,7441.0,1.3,178.0,0.0,0.0,0.0,0.0,1.1290087372451638,261.2526217985309
155,7442.0,2.6,255.50000000000003,0.0,0.0,0.0,0.0,1.059896658413421,704.0893501840357
156,7443.0,1.9,99.3421052631579,1.0,1.9,1.9,0.0,1.4344626786659609,270.7548305982001
157,7448.0,4.5,115.84444444444446,1.0,4.5,4.5,0.0,1.2046377017769263,627.9776339363118
158,7449.0,4.4,127.04545454545453,1.0,4.4,4.4,0.0,1.2046377017769263,673.3924752933018
159,7450.0,0.7,125.00000000000001,1.0,0.7,0.7,0.0,1.2585519012740187,110.12329136147663
160,7451.0,2.5,160.0,1.0,2.5,2.5,0.0,1.2585519012740187,503.4207605096075
161,7456.0,47.8,161.92887029288704,1.0,47.8,43.7,0.0,1.144608340091917,8859.497473979454
162,7457.0,5.9,61.474576271186436,1.0,5.9,5.6,0.0,1.2046377017769263,436.92209443449116
163,7458.0,18.2,61.26373626373626,1.0,18.2,11.6,0.0,1.3440972222222225,1498.668402777778
164,7459.0,11.3,100.08849557522123,1.0,11.3,9.2,0.0,1.2426624353377114,1405.4512143669515
165,7464.0,21.3,502.86572769953057,0.0,0.0,0.0,0.0,1.059896658413421,11352.59550413249
166,7465.0,31.2,539.0871794871795,0.0,0.0,0.0,0.0,1.0,16819.52
167,7466.0,19.6,673.2734693877551,0.0,0.0,0.0,0.0,1.0,13196.16
168,7467.0,15.7,186.898274522293,0.0,0.0,0.0,0.0,1.1290087372451638,3312.8536231139096
169,7472.0,1.0,66.25,0.0,0.0,0.0,0.0,1.3440972222222225,89.04644097222224
170,7473.0,1.8,160.33333333333334,0.0,0.0,0.0,0.0,1.2046377017769263,347.65844073282096
171,7474.0,2.5,204.88000000000002,0.0,0.0,0.0,0.0,1.0469802288156225,536.2632731993618
172,7475.0,27.1,222.84132841328412,0.0,0.0,0.0,0.0,1.1054585509138382,6675.864188968669
173,7480.0,12.8,148.87875,0.0,0.0,0.0,0.0,1.3068746322500988,2490.443029198136
174,7481.0,19.0,250.93800000000002,0.0,0.0,0.0,0.0,1.1054585509138382,5270.629599135118
175,7482.0,26.9,215.86048327137547,0.0,0.0,0.0,0.0,1.143251327963817,6638.456893767114
176,7483.0,22.1,177.34235294117647,0.0,0.0,0.0,0.0,1.0469802288156225,4103.394013469289
177,7488.0,34.5,133.1804347826087,0.0,0.0,0.0,0.0,1.059896658413421,4869.9336738286065
178,7489.0,30.4,145.92789473684212,0.0,0.0,0.0,0.0,1.059896658413421,4701.922035226887
179,7490.0,35.9,530.9448467966574,0.0,0.0,0.0,0.0,1.0,19060.920000000002
180,7491.0,15.8,138.41772151898735,0.0,0.0,0.0,0.0,1.0,2187.0
181,7496.0,19.7,278.8629441624366,0.0,0.0,0.0,0.0,1.1290087372451638,6202.322398930032
182,7497.0,11.3,535.221238938053,0.0,0.0,0.0,0.0,1.0,6048.0
183,7498.0,8.9,588.9438202247192,0.0,0.0,0.0,0.0,1.0,5241.6
184,7499.0,2.4,287.5,0.0,0.0,0.0,0.0,1.059896658413421,731.3286943052606
185,7504.0,20.3,51.42857142857142,0.0,0.0,0.0,0.0,1.2630455352689747,1318.6195388208096
186,7505.0,8.9,117.97752808988764,0.0,0.0,0.0,0.0,1.059896658413421,1112.891491334092
187,7506.0,8.9,207.86516853932582,0.0,0.0,0.0,0.0,1.4344626786659609,2653.7559555320277
188,7507.0,4.1,394.9024390243903,0.0,0.0,0.0,0.0,1.66239263803681,2691.5799202453986
189,7512.0,27.8,227.5913669064748,0.0,0.0,0.0,0.0,1.6264705882352943,10290.744470588237
190,7513.0,5.6,535.7142857142858,0.0,0.0,0.0,0.0,1.0,3000.0
191,7514.0,16.0,90.825,0.0,0.0,0.0,0.0,1.7780183727034122,2583.8162992125986
192,7515.0,3.0,365.0,0.0,0.0,0.0,0.0,1.0469802288156225,1146.4433505531067
193,7520.0,3.8,94.73684210526316,0.0,0.0,0.0,0.0,1.2046377017769263,433.66957263969346
194,7521.0,2.7,400.21481481481476,0.0,0.0,0.0,0.0,1.144608340091917,1236.8408801365235
195,7522.0,10.0,276.26,0.0,0.0,0.0,0.0,1.1290087372451638,3118.9995375134895
196,7523.0,1.6,366.875,0.0,0.0,0.0,0.0,1.079101737506322,633.4327199162111
197,7528.0,15.9,265.66037735849056,0.0,0.0,0.0,0.0,1.0469802288156225,4422.444486517189
198,7529.0,1.5,99.824,1.0,1.5,1.4,0.0,1.2426624353377114,186.07130241772754
199,7530.0,9.6,143.79166666666669,1.0,9.6,4.8,0.0,1.2426624353377114,1715.371225740177
200,7531.0,58.3,125.39245283018869,0.0,0.0,0.0,0.0,1.5300395256916999,11185.17034782609
201,7536.0,73.9,195.21853856562922,0.0,0.0,0.0,0.0,1.0469802288156225,15104.417318042899
202,7537.0,42.3,217.94799054373524,0.0,0.0,0.0,0.0,1.2046377017769263,11105.79590022184
203,7538.0,5.5,126.60363636363637,0.0,0.0,0.0,0.0,1.2046377017769263,838.8133245013094
204,7539.0,6.3,199.9936507936508,0.0,0.0,0.0,0.0,1.143251327963817,1440.450943181291
205,7544.0,38.2,122.70157068062827,0.0,0.0,0.0,0.0,1.144608340091917,5365.008211678833
206,7545.0,43.8,122.9150684931507,0.0,0.0,0.0,0.0,1.079101737506322,5809.538442178036
207,7546.0,40.0,149.225,0.0,0.0,0.0,0.0,1.059896658413421,6326.5231540697105
208,7547.0,72.0,130.55555555555554,0.0,0.0,0.0,0.0,1.1290087372451638,10612.68213010454
209,7552.0,31.0,70.5,0.0,0.0,0.0,0.0,1.0469802288156225,2288.1752900765428
210,7553.0,45.1,239.46784922394679,0.0,0.0,0.0,0.0,1.144608340091917,12361.770072992702
211,7554.0,9.1,198.8571428571429,0.0,0.0,0.0,0.0,1.079101737506322,1952.7425041914407
212,7555.0,118.9,273.4617325483599,0.0,0.0,0.0,0.0,1.0,32514.6
213,7560.0,8.8,121.08636363636364,1.0,8.8,8.4,0.0,1.1290087372451638,1203.026550058957
214,7561.0,3.7,195.9872972972973,0.0,0.0,0.0,0.0,1.0469802288156225,759.2208538663351
215,7562.0,20.0,300.0,0.0,0.0,0.0,0.0,1.0,6000.0
216,7563.0,3.5,425.65714285714284,0.0,0.0,0.0,0.0,1.0,1489.8
217,7568.0,14.29,233.25962211336602,0.0,0.0,0.0,0.0,1.059896658413421,3532.9323335562885
218,7569.0,14.0,72.56571428571428,0.0,0.0,0.0,0.0,1.1290087372451638,1146.9825563421068
219,7570.0,15.4,301.68883116883114,0.0,0.0,0.0,0.0,1.143251327963817,5311.5548157305175
220,7571.0,51.0,148.22823529411767,0.0,0.0,0.0,0.0,1.2046377017769263,9106.627355860923
221,7576.0,27.8,234.70250359712227,0.0,0.0,0.0,0.0,1.0,6524.7296
222,7577.0,11.5,112.92619130434782,0.0,0.0,0.0,0.0,1.0469802288156225,1359.6621305276826
223,7578.0,17.9,391.722905027933,0.0,0.0,0.0,0.0,1.0,7011.84
224,7579.0,43.0,279.96093023255816,0.0,0.0,0.0,0.0,1.4344626786659609,17268.52075383801
225,7584.0,15.4,430.6083116883117,0.0,0.0,0.0,0.0,1.16317603677932,7713.448348665206
226,7585.0,8.2,237.74439024390247,0.0,0.0,0.0,0.0,1.0,1949.5040000000001
227,7586.0,16.7,235.92675449101796,0.0,0.0,0.0,0.0,1.143251327963817,4504.38370874663
228,7587.0,8.5,150.98823529411763,0.0,0.0,0.0,1.0,1.079101737506322,1384.9191699156136
229,7592.0,12.0,76.59,0.0,0.0,0.0,0.0,1.9895007342143909,1828.5103348017624
230,7593.0,20.0,232.3,0.0,0.0,0.0,0.0,1.0,4646.0
231,7594.0,1.1,81.54545454545455,0.0,0.0,0.0,0.0,1.1054585509138382,99.15963201697129
232,7595.0,4.0,338.0,0.0,0.0,0.0,0.0,1.2630455352689747,1707.6375636836538
233,7600.0,3.6,187.77777777777777,0.0,0.0,0.0,0.0,1.0469802288156225,707.7586346793607
234,7601.0,0.8,87.75,0.0,0.0,0.0,0.0,1.66239263803681,116.69996319018406
235,7602.0,2.7,179.83333333333331,0.0,0.0,0.0,0.0,1.0,485.55
236,7603.0,35.0,316.81142857142856,0.0,0.0,0.0,0.0,1.059896658413421,11752.558107151377
237,7608.0,51.0,288.235294117647,0.0,0.0,0.0,0.0,1.144608340091917,16825.742599351175
238,7609.0,52.2,409.4061302681992,0.0,0.0,0.0,0.0,1.059896658413421,22651.05148695322
239,7610.0,23.5,213.61702127659575,1.0,23.5,21.5,0.0,1.472663043478261,7392.76847826087
240,7611.0,16.1,133.56521739130434,1.0,16.1,15.9,0.0,1.2426624353377114,2672.2213009502148
241,7616.0,21.7,101.76497695852534,1.0,21.7,21.7,0.0,1.2630455352689747,2789.1834555344763
242,7617.0,4.4,78.93181818181816,1.0,4.4,4.4,0.0,1.143251327963817,397.0511862018336
243,7618.0,19.7,101.10659898477158,1.0,19.7,19.7,0.0,1.143251327963817,2277.1279950383305
244,7619.0,13.6,227.875,1.0,13.6,13.6,0.0,1.2630455352689747,3914.304418352079
245,7624.0,63.0,47.38730158730158,1.0,63.0,0.0,0.0,1.143251327963817,3413.062514503179
246,7625.0,23.75,113.17894736842105,1.0,23.75,22.85,0.0,1.059896658413421,2849.002217815276
247,7626.0,11.6,103.44827586206897,1.0,11.6,3.4,0.0,1.66239263803681,1994.871165644172
248,7627.0,5.35,51.81308411214955,1.0,5.35,5.35,0.0,1.2426624353377114,344.4660270756136
249,7632.0,2.25,47.111111111111114,1.0,2.25,2.25,0.0,1.2046377017769263,127.69159638835418
250,7633.0,9.22,119.3058568329718,1.0,9.22,9.22,0.0,1.2426624353377114,1366.9286788714826
251,7634.0,39.0,22.884615384615383,1.0,39.0,6.25,0.0,1.3440972222222225,1199.6067708333335
253,7640.0,28.2,191.9227659574468,0.0,0.0,0.0,0.0,1.3874551971326166,7509.215541935484
257,7648.0,1.83,233.11475409836063,0.0,0.0,0.0,0.0,1.079101737506322,460.344801220197
258,7649.0,40.85,59.02545899632803,0.0,0.0,0.0,0.0,1.6264705882352943,3921.7296176470595
261,7656.0,16.1,122.19565217391303,0.0,0.0,0.0,0.0,1.7780183727034122,3497.984445538058
262,7657.0,16.3,277.6687116564417,0.0,0.0,0.0,0.0,1.7780183727034122,8047.3111548556435
263,7658.0,2.72,42.47080514705881,0.0,0.0,0.0,0.0,1.6264705882352943,187.89084197058824
264,7659.0,6.155,201.20050365556455,0.0,0.0,0.0,0.0,1.4344626786659609,1776.4229456167284
265,7664.0,30.8,112.82727272727273,0.0,0.0,0.0,0.0,1.2585519012740187,4373.568541079317
266,7665.0,8.53,87.92497069167645,0.0,0.0,0.0,0.0,1.2426624353377114,931.9968265032835
267,7666.0,24.975,134.05189189189187,0.0,0.0,0.0,0.0,1.66239263803681,5565.600782944785
268,7667.0,15.365,79.49886104783599,0.0,0.0,0.0,0.0,1.3440972222222225,1641.8147569444448
269,7672.0,22.032,201.24999999999997,0.0,0.0,0.0,0.0,1.3874551971326166,6151.8930967741935
270,7673.0,17.206,73.51017087062652,0.0,0.0,0.0,0.0,1.5300395256916999,1935.2184727272731
271,7674.0,19.628,135.79422253922968,0.0,0.0,0.0,0.0,1.1290087372451638,3009.224888982405
272,7675.0,34.388,181.0835175061068,0.0,0.0,0.0,0.0,1.3068746322500988,8138.0390224845905
273,7680.0,9.978,94.9188214070956,0.0,0.0,0.0,0.0,1.2426624353377114,1176.9255925083464
274,7681.0,14.44,117.05290858725762,0.0,0.0,0.0,0.0,1.2630455352689747,2134.8551377151725
275,7682.0,30.687,195.03372763711016,0.0,0.0,0.0,0.0,1.2585519012740187,7532.433129125002
276,7683.0,14.5,205.31172413793104,0.0,0.0,0.0,0.0,1.3068746322500988,3890.5919177011892
277,7688.0,5.372,156.36634400595682,0.0,0.0,0.0,0.0,1.2426624353377114,1043.8364456836775
278,7689.0,13.828,237.19655770899627,0.0,0.0,0.0,0.0,1.143251327963817,3749.8117661602337
279,7690.0,36.221,218.65967256563874,0.0,0.0,0.0,0.0,1.3068746322500988,10350.541182394305
280,7691.0,46.008,129.74374021909233,0.0,0.0,0.0,0.0,1.2585519012740187,7512.6109366799365
281,7696.0,22.886,154.65546622389235,0.0,0.0,0.0,0.0,1.16317603677932,4116.997607498381
282,7697.0,6.0,84.12950000000001,0.0,0.0,0.0,0.0,1.16317603677932,587.1445103173548
283,7698.0,6.5,184.4124,0.0,0.0,0.0,0.0,1.0469802288156225,1254.9948888648476
284,7699.0,26.2,168.48587786259543,0.0,0.0,0.0,0.0,1.0,4414.33
285,7704.0,24.6,163.5109756097561,0.0,0.0,0.0,0.0,1.0469802288156225,4211.341862981095
286,7705.0,22.912,199.83078736033522,0.0,0.0,0.0,0.0,1.0,4578.523
287,7706.0,37.626,106.7134428320842,0.0,0.0,0.0,0.0,1.1054585509138382,4438.637173629243
288,7707.0,6.13,146.72349102773245,0.0,0.0,0.0,0.0,1.079101737506322,970.5602892392486
289,7712.0,9.35,275.6807486631016,0.0,0.0,0.0,0.0,1.0469802288156225,2698.7119424985804
290,7713.0,8.05,269.9957763975155,0.0,0.0,0.0,0.0,1.0,2173.466
291,7714.0,19.296,345.32131011608624,0.0,0.0,0.0,0.0,1.0,6663.32
292,7715.0,4.47,265.30604026845634,0.0,0.0,0.0,0.0,1.0469802288156225,1241.6326989965653
293,7720.0,9.53,275.74029380902414,0.0,0.0,0.0,0.0,1.0469802288156225,2751.2598801828367
294,7721.0,2.45,273.72816326530614,0.0,0.0,0.0,0.0,1.0469802288156225,702.1405387715362
295,7722.0,4.26,466.66713615023474,0.0,0.0,0.0,0.0,1.0469802288156225,2081.398788845915
296,7723.0,5.58,284.1444444444444,0.0,0.0,0.0,0.0,1.0469802288156225,1660.0143742731184
297,7728.0,8.43,317.70272835112695,0.0,0.0,0.0,0.0,1.0,2678.234
298,7729.0,48.0,153.15225000000004,0.0,0.0,0.0,0.0,1.3068746322500988,9607.237939057211
299,7730.0,21.72,143.62338858195213,0.0,0.0,0.0,0.0,1.573577235772358,4908.774186991871
300,7731.0,10.234,78.85802227867892,0.0,0.0,0.0,0.0,1.573577235772358,1269.9287573170734
301,7736.0,18.25,89.65833534246575,0.0,0.0,0.0,0.0,1.3874551971326166,2270.243850903226
302,7737.0,5.7,117.63578947368418,0.0,0.0,0.0,0.0,1.2046377017769263,807.7384903462716
304,7739.0,14.5,159.91572413793102,0.0,0.0,0.0,0.0,1.0469802288156225,2427.7147210126313
305,7744.0,11.25,193.38817777777774,0.0,0.0,0.0,0.0,1.0469802288156225,2277.827984475158
306,7745.0,13.97,126.53142448103077,0.0,0.0,0.0,0.0,1.0469802288156225,1850.6883195845621
307,7746.0,27.5,182.36656,0.0,0.0,0.0,0.0,1.0,5015.0804
308,7747.0,21.0,192.12185714285712,0.0,0.0,0.0,0.0,1.0469802288156225,4224.103504990128
309,7752.0,23.0,168.34952173913044,0.0,0.0,0.0,0.0,1.0469802288156225,4053.9482782030136
310,7753.0,42.1,164.87173396674584,0.0,0.0,0.0,0.0,1.2426624353377114,8625.444229922588
311,7754.0,1.2,706.0625,0.0,0.0,0.0,0.0,1.079101737506322,914.2959246456691
312,7755.0,19.8,471.0554545454545,0.0,0.0,0.0,0.0,1.079101737506322,10064.67183734424
313,7760.0,8.777,345.73316622991916,0.0,0.0,0.0,0.0,1.059896658413421,3216.256409955526
314,7761.0,9.9,324.9060606060606,0.0,0.0,0.0,0.0,1.059896658413421,3409.2317945528575
315,7762.0,44.5,322.34130337078653,0.0,0.0,0.0,0.0,1.079101737506322,15478.838193917336
316,7763.0,28.0,312.80614285714285,0.0,0.0,0.0,0.0,1.079101737506322,9451.390263274223
317,7768.0,9.8,305.41561224489794,0.0,0.0,0.0,0.0,1.079101737506322,3229.83027478326
318,7769.0,4.2,325.2107142857143,0.0,0.0,0.0,0.0,1.0469802288156225,1430.0545898358264
319,7770.0,28.0,285.49189285714283,0.0,0.0,0.0,0.0,1.079101737506322,8626.094333531124
320,7771.0,22.436,248.96010875378855,0.0,0.0,0.0,0.0,1.0,5585.669
321,7776.0,37.4,286.2834224598931,0.0,0.0,0.0,0.0,1.143251327963817,12240.791968508589
322,7777.0,29.2,286.2739726027398,0.0,0.0,0.0,0.0,1.143251327963817,9556.66650071514
323,7778.0,33.5,291.8874626865672,0.0,0.0,0.0,0.0,1.059896658413421,10363.913302197865
324,7779.0,19.41,284.9653271509531,0.0,0.0,0.0,0.0,1.0469802288156225,5791.032961079708
325,7784.0,40.0,227.88649999999998,0.0,0.0,0.0,0.0,1.1054585509138382,10076.763202513053
326,7785.0,3.4,259.5176470588235,0.0,0.0,0.0,0.0,1.143251327963817,1008.7592417421536
327,7786.0,14.29,244.0957312806158,0.0,0.0,0.0,0.0,1.059896658413421,3697.0552113182894
328,7787.0,20.0,258.6837,0.0,0.0,0.0,0.0,1.143251327963817,5914.809670951873
329,7792.0,22.4,255.46607142857147,0.0,0.0,0.0,0.0,1.143251327963817,6542.187129193266
330,7793.0,49.7,244.63239436619716,0.0,0.0,0.0,0.0,1.059896658413421,12886.467349221808
331,7794.0,49.8,271.35542168674704,0.0,0.0,0.0,0.0,1.16317603677932,15718.579373017343
332,7795.0,5.0,250.776,0.0,0.0,0.0,0.0,1.143251327963817,1433.499975107271
333,7800.0,21.22,248.56225259189446,0.0,0.0,0.0,0.0,1.0469802288156225,5522.287794065941
334,7801.0,26.53,241.22955145118732,0.0,0.0,0.0,0.0,1.059896658413421,6783.14783244738
335,7802.0,59.9,231.01367278797997,0.0,0.0,0.0,0.0,1.079101737506322,14932.306616024245
336,7803.0,10.42,236.27053742802303,0.0,0.0,0.0,0.0,1.0,2461.939
337,7808.0,7.83,226.5103448275862,0.0,0.0,0.0,0.0,1.059896658413421,1879.8072758422418
338,7809.0,22.6,250.5213274336283,0.0,0.0,0.0,0.0,1.059896658413421,6000.903822465256
339,7810.0,27.6,238.39384057971014,0.0,0.0,0.0,0.0,1.1054585509138382,7273.552463691253
340,7811.0,37.6,238.36436170212764,0.0,0.0,0.0,0.0,1.0469802288156225,9383.560300760017
341,7816.0,17.2,223.7110465116279,0.0,0.0,0.0,0.0,1.1290087372451638,4344.233689434059
342,7817.0,13.35,319.1402247191011,0.0,0.0,0.0,0.0,1.144608340091917,4876.629014345094
343,7818.0,17.8,220.78129213483146,0.0,0.0,0.0,0.0,1.1290087372451638,4436.8993395609305
344,7819.0,41.36,230.56334622823985,0.0,0.0,0.0,0.0,1.0,9536.1
345,7824.0,16.6,221.16506024096384,0.0,0.0,0.0,0.0,1.143251327963817,4197.2643304066805
346,7825.0,37.4,213.80914438502674,0.0,0.0,0.0,0.0,1.0,7996.4619999999995
347,7826.0,31.6,223.57088607594937,0.0,0.0,0.0,0.0,1.0,7064.84
348,7827.0,50.34,194.6800754866905,0.0,0.0,0.0,0.0,1.0469802288156225,10260.61040353772
349,7832.0,30.4,276.3157894736842,0.0,0.0,0.0,0.0,1.2426624353377114,10438.364456836776
350,7833.0,26.5,201.66188679245283,0.0,0.0,0.0,0.0,1.1054585509138382,5907.614714425587
351,7834.0,6.54,298.93272171253824,0.0,0.0,0.0,0.0,1.0,1955.02
352,7835.0,15.184,247.15345100105375,0.0,0.0,0.0,0.0,1.0,3752.778
353,7840.0,17.6,197.54488636363635,0.0,0.0,0.0,0.0,1.079101737506322,3751.8101299446057
354,7841.0,21.6,200.6272222222222,0.0,0.0,0.0,0.0,1.1054585509138382,4790.557692395561
355,7842.0,28.5,187.40115789473685,0.0,0.0,0.0,0.0,1.0,5340.933
356,7843.0,44.5,205.67334831460673,0.0,0.0,0.0,0.0,1.1290087372451638,10333.21182332182
357,7848.0,10.0,210.55899999999997,0.0,0.0,0.0,0.0,1.0,2105.5899999999997
358,7849.0,20.6,197.76844660194172,0.0,0.0,0.0,0.0,1.079101737506322,4396.292851652881
359,7850.0,13.33,188.40300075018754,0.0,0.0,0.0,0.0,1.0,2511.412
360,7851.0,11.6,195.60913793103447,0.0,0.0,0.0,0.0,1.1054585509138382,2508.3584122878588
361,7856.0,28.85,195.05275563258232,0.0,0.0,0.0,0.0,1.059896658413421,5964.326788783409
362,7857.0,20.22,193.84767556874382,0.0,0.0,0.0,0.0,1.0,3919.6
363,7858.0,23.22,229.69095607235144,0.0,0.0,0.0,0.0,1.5300395256916999,8160.349527272729
364,7859.0,31.0,203.53548387096774,0.0,0.0,0.0,0.0,1.0469802288156225,6606.026451735051
365,7864.0,78.6,193.57938931297713,0.0,0.0,0.0,0.0,1.059896658413421,16126.688022624063
366,7865.0,9.7,193.71319587628867,0.0,0.0,0.0,0.0,1.1054585509138382,2077.1765154210184
367,7866.0,8.366,177.86445135070522,0.0,0.0,0.0,0.0,1.0469802288156225,1557.9212382008495
368,7867.0,15.5,197.85277419354838,0.0,0.0,0.0,0.0,1.1290087372451638,3462.3514166670143
369,7872.0,8.3,191.66168674698793,0.0,0.0,0.0,0.0,1.059896658413421,1686.0751250308028
370,7873.0,36.5,191.07813698630136,0.0,0.0,0.0,0.0,1.059896658413421,7392.09237939896
371,7874.0,27.7,187.97306859205776,0.0,0.0,0.0,0.0,1.0469802288156225,5451.4731923295385
372,7875.0,19.677,255.94602835798142,0.0,0.0,0.0,0.0,1.079101737506322,5434.626125516214
373,7880.0,8.43,190.71803084223012,0.0,0.0,0.0,0.0,1.1054585509138382,1777.304301607376
374,7881.0,33.59,164.8498958023221,0.0,0.0,0.0,0.0,1.059896658413421,5868.974245805904
375,7882.0,8.95,237.66480446927375,0.0,0.0,0.0,0.0,1.0,2127.1
376,7883.0,30.2,188.82384105960264,0.0,0.0,0.0,0.0,1.059896658413421,6044.039496669365
377,7888.0,26.9,187.19717472118958,0.0,0.0,0.0,0.0,1.059896658413421,5337.219852693256
378,7889.0,19.567,243.26672458731537,0.0,0.0,0.0,0.0,1.059896658413421,5045.108094047884
379,7890.0,32.1,197.8803738317757,0.0,0.0,0.0,0.0,1.143251327963817,7261.886705173047
380,7891.0,5.6,197.1857142857143,0.0,0.0,0.0,0.0,1.143251327963817,1262.4238463907652
381,7896.0,6.5,180.09569230769227,0.0,0.0,0.0,0.0,1.1054585509138382,1294.0740997878588
382,7897.0,35.49,202.43076923076922,0.0,0.0,0.0,0.0,1.059896658413421,7614.581646346472
383,7898.0,24.2,196.54909090909092,0.0,0.0,0.0,0.0,1.143251327963817,5437.86122244396
384,7899.0,24.78,183.56158192090393,0.0,0.0,0.0,0.0,1.059896658413421,4821.105294672158
385,7904.0,23.7,179.57805907172997,0.0,0.0,0.0,0.0,1.144608340091917,4871.453095431199
386,7905.0,38.2,193.49999999999997,0.0,0.0,0.0,0.0,1.143251327963817,8450.570840910146
387,7906.0,50.0,182.24136,0.0,0.0,0.0,0.0,1.059896658413421,9657.850424435865
388,7907.0,23.9,206.86,0.0,0.0,0.0,0.0,1.0469802288156225,5176.222090173912
389,7912.0,20.0,180.24185,0.0,0.0,0.0,0.0,1.0469802288156225,3774.1930671030223
390,7913.0,10.05,179.90398009950246,0.0,0.0,0.0,0.0,1.1054585509138382,1998.7077511015011
391,7914.0,17.1,189.04760233918125,0.0,0.0,0.0,0.0,1.0469802288156225,3384.587643415466
392,7915.0,21.8,177.98922018348622,0.0,0.0,0.0,0.0,1.1054585509138382,4289.361578206593
393,7920.0,29.6,177.57861486486487,0.0,0.0,0.0,0.0,1.0,5256.327
394,7922.0,62.5,185.8464,0.0,0.0,0.0,0.0,1.0469802288156225,12161.094149784982
395,7923.0,36.0,174.20277777777775,0.0,0.0,0.0,0.0,1.059896658413421,6646.929913908087
396,7928.0,27.6,172.58449275362315,0.0,0.0,0.0,0.0,1.059896658413421,5048.639669713717
397,7929.0,24.98,165.8074459567654,0.0,0.0,0.0,0.0,1.0469802288156225,4336.456000324562
398,7930.0,27.7,180.162238267148,0.0,0.0,0.0,0.0,1.143251327963817,5705.3888926954605
399,7931.0,43.135,174.78277500869365,0.0,0.0,0.0,0.0,1.1054585509138382,8334.33390726991
400,7936.0,40.22,182.06071606166088,0.0,0.0,0.0,0.0,1.0469802288156225,7666.493879858277
401,7937.0,52.9,190.03436672967862,0.0,0.0,0.0,0.0,1.0469802288156225,10525.101689881807
402,7938.0,14.3,169.26293706293706,0.0,0.0,0.0,0.0,1.059896658413421,2565.437465823349
403,7939.0,7.594,281.36160126415587,0.0,0.0,0.0,0.0,1.0469802288156225,2237.0407757011876
404,7944.0,44.09,167.16321161261055,0.0,0.0,0.0,0.0,1.079101737506322,7953.22368241427
405,7945.0,32.365,242.72918275915336,0.0,0.0,0.0,0.0,1.0,7855.929999999999
406,7946.0,37.2,167.69833333333332,0.0,0.0,0.0,0.0,1.1054585509138382,6896.268303932768
407,7947.0,2.5,171.7844,0.0,0.0,0.0,0.0,1.1290087372451638,484.8652213060453
408,7952.0,28.96,166.4073895027624,0.0,0.0,0.0,0.0,1.079101737506322,5200.361771117492
409,7953.0,40.5,176.5611851851852,0.0,0.0,0.0,0.0,1.143251327963817,8175.07928190805
410,7954.0,68.6,166.0174635568513,0.0,0.0,0.0,0.0,1.079101737506322,12289.671709908525
411,7955.0,17.034,168.15868263473055,0.0,0.0,0.0,0.0,1.0,2864.415
412,7960.0,24.64,195.65868506493504,0.0,0.0,0.0,0.0,1.3874551971326166,6688.963129032258
413,7961.0,22.7,202.78213215859034,0.0,0.0,0.0,0.0,1.1802137686524912,5432.706202113297
414,7962.0,14.2,174.42253521126761,0.0,0.0,0.0,0.0,1.143251327963817,2831.604889100782
415,7963.0,22.5,164.14093333333332,0.0,0.0,0.0,0.0,1.079101737506322,3985.307243007961
416,7968.0,15.0,164.21999999999997,0.0,0.0,0.0,0.0,1.059896658413421,2610.84343866978
417,7969.0,27.0,186.23579296296296,0.0,0.0,0.0,0.0,1.0469802288156225,5264.6002145105895
418,7970.0,22.6,168.30327433628318,0.0,0.0,0.0,0.0,1.1290087372451638,4294.358599457516
419,7971.0,36.0,179.46872222222225,0.0,0.0,0.0,0.0,1.144608340091917,7395.1702646830245
420,7976.0,12.8,166.18945312499997,0.0,0.0,0.0,0.0,1.1290087372451638,2401.6556110863435
421,7977.0,5.5,160.80145454545456,0.0,0.0,0.0,0.0,1.059896658413421,937.3810838740969
422,7978.0,24.58,188.44901545972337,0.0,0.0,0.0,0.0,1.1802137686524912,5466.840816815771
423,7979.0,4.0,169.893,0.0,0.0,0.0,0.0,1.143251327963817,776.921591447027
424,7984.0,43.7,169.43574370709382,0.0,0.0,0.0,0.0,1.143251327963817,8465.023824198266
425,7985.0,44.0,150.48090909090908,0.0,0.0,0.0,0.0,1.059896658413421,7017.745358820607
426,7986.0,3.5,274.71999999999997,0.0,0.0,0.0,0.0,1.059896658413421,1019.1118349976726
427,7987.0,4.528,188.0737632508834,0.0,0.0,0.0,0.0,1.3874551971326166,1181.5540709677418
428,7992.0,10.6,200.7374528301887,0.0,0.0,0.0,0.0,1.0,2127.817
429,7993.0,35.6,158.6261797752809,0.0,0.0,0.0,0.0,1.1054585509138382,6242.6261391971275
430,7994.0,24.86,158.7975060337892,0.0,0.0,0.0,0.0,1.059896658413421,4184.160397798612
431,7995.0,35.2,159.30170454545453,0.0,0.0,0.0,0.0,1.079101737506322,6050.976664927701
432,8000.0,41.0,158.21195121951217,0.0,0.0,0.0,0.0,1.079101737506322,6999.798449664884
433,8001.0,45.0,161.73882222222224,0.0,0.0,0.0,0.0,1.1290087372451638,8217.204454828403
434,8002.0,28.737,186.78460869262622,0.0,0.0,0.0,0.0,1.0,5367.6293
435,8003.0,33.5,183.88628059701492,0.0,0.0,0.0,0.0,1.1802137686524912,7270.341527600896
436,8008.0,29.7,155.9970707070707,0.0,0.0,0.0,0.0,1.079101737506322,4999.600288363128
437,8009.0,36.2,158.18895027624308,0.0,0.0,0.0,0.0,1.0469802288156225,5995.469461498933
438,8010.0,19.0,155.77726315789474,0.0,0.0,0.0,0.0,1.059896658413421,3137.0482128789745
439,8011.0,30.32,135.99391655672824,0.0,0.0,0.0,0.0,1.0,4123.33555
440,8016.0,7.0,154.32085714285714,0.0,0.0,0.0,0.0,1.079101737506322,1165.6953355342544
441,8017.0,21.3,155.10314553990608,0.0,0.0,0.0,0.0,1.0,3303.6969999999997
442,8018.0,14.72,154.45699728260868,0.0,0.0,0.0,0.0,1.1054585509138382,2513.3782995675588
443,8019.0,5.2,173.565,0.0,0.0,0.0,0.0,1.16317603677932,1049.810573882734
444,8024.0,1.6,154.99249999999998,0.0,0.0,0.0,0.0,1.1290087372451638,279.9806187319537
445,8025.0,50.63,146.4281672921193,0.0,0.0,0.0,0.0,1.0,7413.65811
446,8026.0,42.87,197.18413809190577,0.0,0.0,0.0,0.0,1.059896658413421,8959.607464219638
447,8027.0,6.305,135.43965107057892,0.0,0.0,0.0,0.0,1.0,853.947
448,8032.0,7.0,145.826,0.0,0.0,0.0,0.0,1.059896658413421,1081.9234307685688
449,8033.0,25.1,169.36379282868526,0.0,0.0,0.0,0.0,1.1802137686524912,5017.125553211323
450,8034.0,13.8,143.4036231884058,0.0,0.0,0.0,0.0,1.059896658413421,2097.5036901004078
451,8035.0,38.4,143.3578125,0.0,0.0,0.0,0.0,1.059896658413421,5834.667510766378
452,8040.0,9.6,141.85645833333334,0.0,0.0,0.0,0.0,1.1054585509138382,1505.437774722585
453,8041.0,21.8,166.95825688073396,0.0,0.0,0.0,0.0,1.3068746322500988,4756.618530254363
455,8043.0,44.6,140.42515695067263,0.0,0.0,0.0,0.0,1.079101737506322,6758.37317613607
456,8048.0,15.03,169.04916833000664,0.0,0.0,0.0,0.0,1.0,2540.8089999999997
457,8049.0,30.2,138.7548675496689,0.0,0.0,0.0,0.0,1.079101737506322,4521.864683541279
458,8050.0,52.8,146.46875,0.0,0.0,0.0,0.0,1.143251327963817,8841.391307374577
459,8051.0,4.0,156.43575,0.0,0.0,0.0,0.0,1.1290087372451638,706.4693142700006
460,8056.0,9.1,133.63153846153847,0.0,0.0,0.0,0.0,1.079101737506322,1312.2384305893504
461,8057.0,3.2,137.579375,0.0,0.0,0.0,0.0,1.1290087372451638,497.0506126071324
462,8058.0,28.5,136.3238245614035,0.0,0.0,0.0,0.0,1.1290087372451638,4386.45748719829
463,8059.0,32.6,131.35325153374234,0.0,0.0,0.0,0.0,1.079101737506322,4620.838815803622
464,8064.0,4.5,153.8784,0.0,0.0,0.0,0.0,1.1802137686524912,817.2423287019698
465,8065.0,27.6,154.3478260869565,0.0,0.0,0.0,0.0,1.4344626786659609,6110.8110111169935
466,8066.0,50.93,178.42839191046534,0.0,0.0,0.0,0.0,1.144608340091917,10401.465756201002
467,8067.0,9.93,147.08247734138973,0.0,0.0,0.0,0.0,1.1054585509138382,1614.554271907637
468,8072.0,26.45,206.45262759924384,0.0,0.0,0.0,0.0,1.0469802288156225,5717.215620047063
469,8073.0,69.6,130.75080459770115,0.0,0.0,0.0,0.0,1.1290087372451638,10274.268535167725
470,8074.0,13.99,126.61458184417441,0.0,0.0,0.0,0.0,1.079101737506322,1911.4539135109735
471,8075.0,4.9,125.60999999999997,0.0,0.0,0.0,0.0,1.079101737506322,664.1752493160286
472,8080.0,6.6,131.73636363636365,0.0,0.0,0.0,0.0,1.143251327963817,994.0112996114203
473,8081.0,10.77,142.27938718662955,0.0,0.0,0.0,0.0,1.16317603677932,1782.3916367827544
474,8082.0,32.3,156.12693498452012,0.0,0.0,0.0,0.0,1.0,5042.9
475,8083.0,33.6,123.85366071428571,0.0,0.0,0.0,0.0,1.079101737506322,4490.663535903022
476,8088.0,19.8,119.63065656565655,0.0,0.0,0.0,0.0,1.1290087372451638,2674.268318799035
477,8089.0,34.11,153.46868953386104,0.0,0.0,0.0,0.0,1.0,5234.817
478,8090.0,15.77,152.42644261255552,0.0,0.0,0.0,0.0,1.16317603677932,2796.0018460488427
479,8091.0,4.1,128.3707317073171,0.0,0.0,0.0,0.0,1.143251327963817,601.7160389339163
480,8096.0,12.15,120.77860082304527,0.0,0.0,0.0,0.0,1.1054585509138382,1622.216205124021
481,8097.0,4.0,119.27024999999999,0.0,0.0,0.0,0.0,1.079101737506322,514.8189360312537
482,8098.0,43.5,166.48685057471263,0.0,0.0,0.0,0.0,1.0469802288156225,7582.417179563467
483,8099.0,33.7,123.31175074183975,0.0,0.0,0.0,0.0,1.143251327963817,4750.902077994406
484,8104.0,14.26,114.48870967741935,0.0,0.0,0.0,0.0,1.1054585509138382,1804.7815793488903
485,8105.0,9.15,134.13954098360657,0.0,0.0,0.0,0.0,1.1802137686524912,1448.5669986846349
486,8106.0,33.0,122.93290909090909,0.0,0.0,0.0,0.0,1.0469802288156225,4247.374734536014
487,8107.0,8.5,119.28705882352942,0.0,0.0,0.0,0.0,1.143251327963817,1159.1882514756326
488,8112.0,41.4,131.15942028985506,0.0,0.0,0.0,0.0,1.2426624353377114,6747.657023883773
489,8113.0,33.09,134.90480507706255,0.0,0.0,0.0,0.0,1.5062256809338523,6723.791439688717
490,8114.0,3.97,113.07808564231738,0.0,0.0,0.0,0.0,1.143251327963817,513.2283861495167
491,8115.0,28.2,106.22978723404255,0.0,0.0,0.0,0.0,1.079101737506322,3232.643493012939
492,8120.0,3.9,112.72615384615385,0.0,0.0,0.0,0.0,1.143251327963817,502.6098678153888
493,8121.0,12.1,125.51231404958679,0.0,0.0,0.0,0.0,1.16317603677932,1766.5142838807167
494,8122.0,9.2,158.04326086956524,0.0,0.0,0.0,0.0,1.16317603677932,1691.2556311250578
495,8123.0,40.0,136.81395,0.0,0.0,0.0,0.0,1.16317603677932,6365.548325484962
496,8128.0,25.61,132.24791097227646,0.0,0.0,0.0,0.0,1.0469802288156225,3545.984880588538
497,8129.0,32.2,93.42608695652171,0.0,0.0,0.0,0.0,1.059896658413421,3188.5083154382623
498,8130.0,3.65,92.26054794520547,0.0,0.0,0.0,0.0,1.1054585509138382,372.26427247878587
499,8131.0,6.328,144.163211125158,0.0,0.0,0.0,0.0,1.2046377017769263,1098.9485720839873
500,8136.0,6.689,122.53939303333833,0.0,0.0,0.0,0.0,1.143251327963817,937.0842429867901
501,8137.0,7.3,89.5664383561644,0.0,0.0,0.0,0.0,1.16317603677932,760.5252040076067
502,8138.0,3.0,66.28099999999999,0.0,0.0,0.0,0.0,1.079101737506322,214.5718267909696
503,8139.0,28.1,7.79314483985765,0.0,0.0,0.0,0.0,1.3874551971326166,303.8351646129032
506,8146.0,53.5,92.5124631775701,0.0,0.0,0.0,0.0,1.144608340091917,5665.1437249788805
507,8147.0,70.299,99.13654532781405,0.0,0.0,0.0,0.0,1.144608340091917,7977.004443768588
508,8152.0,32.5,191.2,0.0,0.0,0.0,0.0,1.0,6214.0
510,8154.0,9.6,223.0666666666667,0.0,0.0,0.0,0.0,1.0,2141.44
511,8155.0,25.9,182.09297297297297,0.0,0.0,0.0,0.0,1.059896658413421,4998.693099582643
512,8160.0,57.46,157.29704142011835,0.0,0.0,0.0,0.0,1.059896658413421,9579.651248978123
513,8161.0,10.9,132.21009174311925,0.0,0.0,0.0,0.0,1.059896658413421,1527.4064754729968
514,8162.0,51.5,170.09836893203882,0.0,0.0,0.0,0.0,1.059896658413421,9284.764680881022
515,8163.0,25.56,162.94061032863848,0.0,0.0,0.0,0.0,1.059896658413421,4414.217326887196
516,8168.0,17.5,199.784,0.0,0.0,0.0,0.0,1.059896658413421,3705.6318950781706
517,8169.0,50.14,152.7396090945353,0.0,0.0,0.0,0.0,1.059896658413421,8117.074412513641
518,8170.0,1.8,171.4922222222222,0.0,0.0,0.0,0.0,1.059896658413421,327.17525989900525
519,8171.0,38.0,314.2373684210526,0.0,0.0,0.0,0.0,1.16317603677932,13889.508318702596
520,8176.0,25.3,207.17786561264822,0.0,0.0,0.0,0.0,1.16317603677932,6096.903514382484
521,8177.0,40.7,223.67665847665845,0.0,0.0,0.0,0.0,1.16317603677932,10589.135895465688
522,8178.0,29.6,139.57432432432432,0.0,0.0,0.0,0.0,1.16317603677932,4805.545478350084
523,8179.0,12.9,313.2093023255814,0.0,0.0,0.0,0.0,1.16317603677932,4699.696459003165
524,8184.0,29.9,202.69565217391306,0.0,0.0,0.0,0.0,1.16317603677932,7049.544688504748
525,8186.0,161.1,106.89013035381751,0.0,0.0,0.0,0.0,1.143251327963817,19686.78786753693
526,8187.0,188.0,203.14893617021278,0.0,0.0,0.0,0.0,1.2426624353377114,47459.76373041787
527,8192.0,50.0,519.36,0.0,0.0,0.0,0.0,1.2426624353377114,32269.45812084969
528,8193.0,124.0,725.8064516129032,0.0,0.0,0.0,0.0,1.16317603677932,104685.84331013881
529,8194.0,28.6,79.19580419580419,0.0,0.0,0.0,0.0,1.059896658413421,2400.6659313063988
530,8195.0,72.7,103.1636863823934,0.0,0.0,0.0,0.0,1.2426624353377114,9319.968265032836
531,8200.0,35.0,216.0,0.0,0.0,0.0,0.0,1.3874551971326166,10489.161290322581
532,8201.0,22.5,304.0,0.0,0.0,0.0,0.0,1.3440972222222225,9193.625000000002
533,8202.0,15.0,367.3333333333333,0.0,0.0,0.0,0.0,1.1290087372451638,6220.838142220852
534,8203.0,44.0,55.28409090909091,0.0,0.0,0.0,0.0,2.385299295774648,5802.240536971832
535,8208.0,22.0,440.90909090909093,0.0,0.0,0.0,0.0,1.3874551971326166,13458.31541218638
537,8210.0,4.3,697.6744186046512,0.0,0.0,0.0,0.0,1.2630455352689747,3789.136605806924
541,8218.0,19.0,682.1052631578947,0.0,0.0,0.0,0.0,1.059896658413421,13736.260693037937
543,8224.0,21.0,590.4761904761905,0.0,0.0,0.0,0.0,1.1054585509138382,13707.686031331594
544,8225.0,160.0,190.0,0.0,0.0,0.0,0.0,1.0469802288156225,31828.19895599492
545,9461.0,42.3,268.28732860520097,0.0,0.0,0.0,0.0,1.059896658413421,12028.294462424263
546,9462.0,38.15,363.81250327654,0.0,0.0,0.0,0.0,1.0,13879.447
547,9467.0,58.96,92.40162822252374,0.0,0.0,0.0,0.0,1.2426624353377114,6770.024947719851
548,9468.0,23.5,122.80799999999999,0.0,0.0,0.0,0.0,1.059896658413421,3058.849037421232
549,9469.0,35.8,118.24877094972067,0.0,0.0,0.0,0.0,1.059896658413421,4486.866883441486
550,9470.0,41.5,96.67961445783132,0.0,0.0,0.0,0.0,1.059896658413421,4252.521612472961
551,9475.0,15.94,86.58481806775409,0.0,0.0,0.0,0.0,1.059896658413421,1462.8290918691841
552,9476.0,40.1,122.01506234413965,0.0,0.0,0.0,0.0,1.059896658413421,5185.86660987182
553,9477.0,30.2,242.95192052980133,0.0,0.0,0.0,0.0,1.16317603677932,8534.394731903314
554,9478.0,25.33,210.1973154362416,0.0,0.0,0.0,0.0,1.059896658413421,5643.2056585972605
557,9485.0,8.023,188.1495699862894,0.0,0.0,0.0,0.0,1.0,1509.524
558,9486.0,27.03,192.28168701442843,0.0,0.0,0.0,0.0,1.16317603677932,6045.460890979883
559,9491.0,34.3,169.41690962099128,0.0,0.0,0.0,0.0,1.2426624353377114,7221.111411747441
560,9492.0,15.4,193.4935064935065,0.0,0.0,0.0,0.0,1.2630455352689747,3763.623085994491
561,9493.0,29.1,194.30123711340207,0.0,0.0,0.0,0.0,1.059896658413421,5992.831649514779
562,9494.0,22.2,218.0400477342342,0.0,0.0,0.0,0.0,1.1054585509138382,5350.960021650249
563,9499.0,26.7,123.67625468164795,0.0,0.0,0.0,0.0,1.1290087372451638,3728.162975746541
564,9500.0,8.9,112.24719101123596,1.0,8.9,8.4,0.0,1.059896658413421,1058.8367617550077
565,9502.0,14.3,133.2167832167832,1.0,14.3,14.3,0.0,1.059896658413421,2019.103134277567
566,9507.0,17.8,110.73033707865169,1.0,17.8,17.8,0.0,1.059896658413421,2089.056313732853
567,9508.0,13.0,177.1846153846154,1.0,13.0,13.0,0.0,1.0469802288156225,2411.614259053905
568,9509.0,37.5,90.4,1.0,37.5,37.5,0.0,1.059896658413421,3593.0496720214974
569,9510.0,32.0,94.46249999999999,1.0,32.0,32.0,0.0,1.0469802288156225,3164.8118356638633
570,9515.0,6.94,102.44956772334294,0.0,0.0,0.0,0.0,1.079101737506322,767.241335366995
571,9516.0,2.9,215.17241379310346,0.0,0.0,0.0,0.0,1.079101737506322,673.359484203945
572,9753.0,12.8,126.953125,0.0,0.0,0.0,0.0,1.3874551971326166,2254.614695340502
573,9754.0,16.0,379.8125,0.0,0.0,0.0,0.0,1.16317603677932,7068.620775507928
574,9755.0,23.3,68.01287553648068,0.0,0.0,0.0,0.0,1.0,1584.6999999999998
575,9756.0,7.7,388.3116883116883,0.0,0.0,0.0,0.0,1.1290087372451638,3375.7361243630394
576,9761.0,20.0,231.0,0.0,0.0,0.0,1.0,1.0,4620.0
577,9762.0,19.9,48.844221105527645,0.0,0.0,0.0,1.0,1.573577235772358,1529.5170731707321
578,9763.0,18.4,91.35869565217392,0.0,0.0,0.0,1.0,1.3068746322500988,2196.856256812416
579,9764.0,10.9,106.26605504587157,0.0,0.0,0.0,1.0,1.144608340091917,1325.7998403284676
580,9769.0,5.8,392.2413793103448,0.0,0.0,0.0,0.0,1.0,2275.0
581,9770.0,14.0,124.61428571428573,0.0,0.0,0.0,0.0,1.0469802288156225,1826.5617071917352
582,9771.0,1.8,1751.5666666666666,0.0,0.0,0.0,0.0,1.1290087372451638,3559.5613269612977
583,9772.0,3.0,1130.9666666666667,0.0,0.0,0.0,0.0,1.1802137686524912,4004.3472956610376
584,9773.0,34.0,187.1,0.0,0.0,0.0,0.0,1.727023581899299,10986.2878138942
585,9774.0,2.1,269.1095238095238,0.0,0.0,0.0,0.0,1.6264705882352943,919.1673235294119
586,9775.0,4.0,754.4,0.0,0.0,0.0,0.0,1.573577235772358,4748.426666666667
587,9776.0,3.5,120.85714285714286,0.0,0.0,0.0,0.0,1.472663043478261,622.9364673913044
588,9777.0,7.0,435.29571428571427,0.0,0.0,0.0,0.0,1.16317603677932,3544.278806389162
589,9778.0,2.6,499.29230769230765,0.0,0.0,0.0,0.0,1.16317603677932,1509.988603905442
590,9779.0,2.4,814.6250000000001,0.0,0.0,0.0,0.0,1.143251327963817,2235.170671302059
591,9780.0,17.0,854.5129411764706,0.0,0.0,0.0,0.0,1.1054585509138382,16058.68684073107
592,9781.0,15.6,330.8846730769231,0.0,0.0,0.0,0.0,4.4714521452145215,23080.74570747525
593,9782.0,10.5,230.62000000000003,0.0,0.0,0.0,0.0,3.288470873786408,7963.065105582526
594,9783.0,12.5,343.411488,0.0,0.0,0.0,0.0,2.7205823293172693,11678.49032421687
595,9784.0,4.6,102.71895652173914,0.0,0.0,0.0,0.0,2.385299295774648,1127.071091408451
596,9785.0,29.7,68.86464646464647,0.0,0.0,0.0,0.0,1.1054585509138382,2260.9722650130548
597,9786.0,12.1,166.55867768595044,0.0,0.0,0.0,0.0,1.2046377017769263,2427.7786386531466
598,9787.0,22.9,151.26637554585153,0.0,0.0,0.0,0.0,1.1290087372451638,3910.8862658172475
599,9788.0,13.7,67.94160583941607,1.0,13.7,9.7,0.0,1.2585519012740187,1171.4601097058567
603,9793.0,4.3,528.4651162790698,1.0,4.3,4.3,0.0,1.1054585509138382,2512.044011096606
604,9794.0,3.5,242.17142857142858,1.0,3.5,3.5,0.0,1.059896658413421,898.3684076712157
605,9795.0,3.3,311.21212121212125,1.0,3.3,3.3,0.0,1.2046377017769263,1237.1629197249033
606,9796.0,9.4,252.80851063829786,1.0,9.4,9.4,0.0,1.0469802288156225,2488.0438157574454
607,9801.0,3.8,268.42105263157896,0.0,0.0,0.0,0.0,1.3440972222222225,1370.979166666667
608,9802.0,22.0,249.54545454545453,0.0,0.0,0.0,0.0,1.0,5490.0
609,9803.0,20.0,335.5,0.0,0.0,0.0,0.0,1.0,6710.0
610,9804.0,8.0,280.0,1.0,8.0,6.0,0.0,1.2630455352689747,2829.2219990025033
611,9809.0,93.90000000000002,394.0765750798721,0.0,0.0,0.0,0.0,1.573577235772358,58228.32221073172
612,9810.0,14.8,285.852,0.0,0.0,0.0,0.0,1.3874551971326166,5869.78127655914
613,9811.0,6.5,398.4,0.0,0.0,0.0,0.0,1.3068746322500988,3384.282547674856
614,9812.0,1.4,426.8571428571429,0.0,0.0,0.0,0.0,1.059896658413421,633.3942430678604
615,9817.0,32.0,355.34375,0.0,0.0,0.0,1.0,1.079101737506322,12270.465857184388
616,9818.0,13.7,153.28467153284672,0.0,0.0,0.0,1.0,1.1054585509138382,2321.46295691906
617,9819.0,3.9,129.74358974358975,0.0,0.0,0.0,1.0,1.2426624353377114,628.787192280882
618,9820.0,19.0,649.5263157894736,0.0,0.0,0.0,1.0,1.0469802288156225,12920.783003813596
619,9825.0,18.8,158.61702127659575,0.0,0.0,0.0,1.0,1.2046377017769263,3592.229626698794
620,9826.0,18.3,166.66666666666666,0.0,0.0,0.0,1.0,1.1054585509138382,3371.648580287206
621,9827.0,13.9,76.83453237410072,1.0,13.9,3.5,0.0,1.3440972222222225,1435.4958333333336
622,9828.0,3.3,75.51515151515152,1.0,3.3,3.3,0.0,1.144608340091917,285.2363983509057
623,9833.0,6.2,109.59193548387097,1.0,6.2,6.2,0.0,1.0469802288156225,711.391656073351
624,9834.0,18.5,159.88054054054052,1.0,18.5,18.0,0.0,1.0469802288156225,3096.7476509885596
625,9835.0,13.4,95.23208955223879,1.0,13.4,13.4,0.0,1.0469802288156225,1336.0619397939038
626,9836.0,26.6,72.94736842105263,1.0,26.6,9.7,0.0,1.573577235772358,3053.369268292684
627,11249.0,7.2,721.6875000000001,0.0,0.0,0.0,0.0,1.0469802288156225,5440.266315960297
628,11254.0,9.7,267.40206185567007,1.0,9.7,9.3,0.0,1.0469802288156225,2715.657317501961
629,11255.0,14.0,81.08571428571429,1.0,14.0,14.0,0.0,1.0469802288156225,1188.5319557514947
630,11256.0,5.25,188.06857142857146,0.0,0.0,0.0,0.0,1.0469802288156225,1033.7463987233932
631,11257.0,2.5,160.5,0.0,0.0,0.0,0.0,1.472663043478261,590.9060461956523
632,11262.0,16.0,176.375,0.0,0.0,0.0,0.0,1.0,2822.0
633,11263.0,4.6,225.00000000000003,0.0,0.0,0.0,0.0,1.3440972222222225,1391.1406250000002
634,11264.0,10.5,539.504761904762,0.0,0.0,0.0,0.0,1.0,5664.8
635,11265.0,1.7,132.35294117647058,0.0,0.0,0.0,0.0,1.3068746322500988,294.0467922562722
636,11270.0,3.8,351.00000000000006,0.0,0.0,0.0,0.0,1.0,1333.8000000000002
